指数代码_IdxCd,指数名称_IdxNm,交易日期_TrdDt,收盘价()_ClPr,指数月收益率_IdxMonRet
1,上证指数,1997/1/31,964.74,0.052
1,上证指数,1997/2/28,1040.27,0.0783
1,上证指数,1997/3/31,1234.62,0.1868
1,上证指数,1997/4/30,1393.75,0.1289
1,上证指数,1997/5/30,1285.18,-0.0779
1,上证指数,1997/6/27,1250.27,-0.0272
1,上证指数,1997/7/31,1189.76,-0.0484
1,上证指数,1997/8/29,1221.06,0.0263
1,上证指数,1997/9/30,1097.38,-0.1013
1,上证指数,1997/10/31,1180.39,0.0756
1,上证指数,1997/11/28,1139.63,-0.0345
1,上证指数,1997/12/31,1194.1,0.0478
1,上证指数,1998/1/23,1222.91,0.0241
1,上证指数,1998/2/27,1206.53,-0.0134
1,上证指数,1998/3/31,1243.02,0.0302
1,上证指数,1998/4/30,1343.45,0.0808
1,上证指数,1998/5/29,1411.21,0.0504
1,上证指数,1998/6/30,1339.2,-0.051
1,上证指数,1998/7/31,1316.92,-0.0166
1,上证指数,1998/8/31,1150.22,-0.1266
1,上证指数,1998/9/30,1242.9,0.0806
1,上证指数,1998/10/30,1217.32,-0.0206
1,上证指数,1998/11/30,1247.42,0.0247
1,上证指数,1998/12/31,1146.7,-0.0807
1,上证指数,1999/1/29,1134.67,-0.0105
1,上证指数,1999/2/9,1090.09,-0.0393
1,上证指数,1999/3/31,1158.05,0.0624
1,上证指数,1999/4/30,1120.93,-0.0321
1,上证指数,1999/5/31,1279.33,0.1413
1,上证指数,1999/6/30,1689.43,0.3206
1,上证指数,1999/7/30,1601.46,-0.0521
1,上证指数,1999/8/31,1627.12,0.016
1,上证指数,1999/9/30,1570.7,-0.0347
1,上证指数,1999/10/29,1504.56,-0.0421
1,上证指数,1999/11/30,1434.97,-0.0463
1,上证指数,1999/12/30,1366.58,-0.0477
1,上证指数,2000/1/28,1535,0.1232
1,上证指数,2000/2/29,1714.58,0.117
1,上证指数,2000/3/31,1800.22,0.05
1,上证指数,2000/4/28,1836.32,0.0201
1,上证指数,2000/5/31,1894.55,0.0317
1,上证指数,2000/6/30,1928.11,0.0177
1,上证指数,2000/7/31,2023.54,0.0495
1,上证指数,2000/8/31,2021.2,-0.0012
1,上证指数,2000/9/29,1910.16,-0.0549
1,上证指数,2000/10/31,1961.29,0.0268
1,上证指数,2000/11/30,2070.61,0.0557
1,上证指数,2000/12/29,2073.48,0.0014
1,上证指数,2001/1/19,2065.61,-0.0038
1,上证指数,2001/2/28,1959.18,-0.0515
1,上证指数,2001/3/30,2112.78,0.0784
1,上证指数,2001/4/30,2119.18,0.003
1,上证指数,2001/5/31,2214.26,0.0449
1,上证指数,2001/6/29,2218.03,0.0017
1,上证指数,2001/7/31,1920.32,-0.1342
1,上证指数,2001/8/31,1834.14,-0.0449
1,上证指数,2001/9/28,1764.87,-0.0378
1,上证指数,2001/10/31,1689.17,-0.0429
1,上证指数,2001/11/30,1747.99,0.0348
1,上证指数,2001/12/31,1645.97,-0.0584
1,上证指数,2002/1/31,1491.66,-0.0937
1,上证指数,2002/2/28,1524.7,0.0221
1,上证指数,2002/3/29,1603.9,0.0519
1,上证指数,2002/4/30,1667.75,0.0398
1,上证指数,2002/5/31,1515.73,-0.0912
1,上证指数,2002/6/28,1732.76,0.1432
1,上证指数,2002/7/31,1651.59,-0.0468
1,上证指数,2002/8/30,1666.62,0.0091
1,上证指数,2002/9/27,1581.62,-0.051
1,上证指数,2002/10/31,1507.5,-0.0469
1,上证指数,2002/11/29,1434.18,-0.0486
1,上证指数,2002/12/31,1357.65,-0.0534
1,上证指数,2003/1/29,1499.82,0.1047
1,上证指数,2003/2/28,1511.93,0.0081
1,上证指数,2003/3/31,1510.58,-0.0009
1,上证指数,2003/4/30,1521.44,0.0072
1,上证指数,2003/5/30,1576.26,0.036
1,上证指数,2003/6/30,1486.02,-0.0572
1,上证指数,2003/7/31,1476.74,-0.0062
1,上证指数,2003/8/29,1421.98,-0.0371
1,上证指数,2003/9/30,1367.16,-0.0386
1,上证指数,2003/10/31,1348.3,-0.0138
1,上证指数,2003/11/28,1397.22,0.0363
1,上证指数,2003/12/31,1497.04,0.0714
1,上证指数,2004/1/30,1590.73,0.0626
1,上证指数,2004/2/27,1675.07,0.053
1,上证指数,2004/3/31,1741.62,0.0397
1,上证指数,2004/4/30,1595.59,-0.0839
1,上证指数,2004/5/31,1555.91,-0.0249
1,上证指数,2004/6/30,1399.16,-0.1007
1,上证指数,2004/7/30,1386.2,-0.0093
1,上证指数,2004/8/31,1342.06,-0.0318
1,上证指数,2004/9/30,1396.7,0.0407
1,上证指数,2004/10/29,1320.54,-0.0545
1,上证指数,2004/11/30,1340.77,0.0153
1,上证指数,2004/12/31,1266.5,-0.0554
1,上证指数,2005/1/31,1191.82,-0.059
1,上证指数,2005/2/28,1306,0.0958
1,上证指数,2005/3/31,1181.24,-0.0955
1,上证指数,2005/4/29,1159.15,-0.0187
1,上证指数,2005/5/31,1060.74,-0.0849
1,上证指数,2005/6/30,1080.94,0.019
1,上证指数,2005/7/29,1083.03,0.0019
1,上证指数,2005/8/31,1162.8,0.0736
1,上证指数,2005/9/30,1155.61,-0.0062
1,上证指数,2005/10/31,1092.82,-0.0543
1,上证指数,2005/11/30,1099.26,0.0059
1,上证指数,2005/12/30,1161.06,0.0562
1,上证指数,2006/1/25,1258.05,0.0835
1,上证指数,2006/2/28,1299.03,0.0326
1,上证指数,2006/3/31,1298.3,-0.0006
1,上证指数,2006/4/28,1440.22,0.1093
1,上证指数,2006/5/31,1641.3,0.1396
1,上证指数,2006/6/30,1672.21,0.0188
1,上证指数,2006/7/31,1612.73,-0.0356
1,上证指数,2006/8/31,1658.64,0.0285
1,上证指数,2006/9/29,1752.42,0.0565
1,上证指数,2006/10/31,1837.99,0.0488
1,上证指数,2006/11/30,2099.29,0.1422
1,上证指数,2006/12/29,2675.47,0.2745
1,上证指数,2007/1/31,2786.34,0.0414
1,上证指数,2007/2/28,2881.07,0.034
1,上证指数,2007/3/30,3183.98,0.1051
1,上证指数,2007/4/30,3841.27,0.2064
1,上证指数,2007/5/31,4109.65,0.0699
1,上证指数,2007/6/29,3820.7,-0.0703
1,上证指数,2007/7/31,4471.03,0.1702
1,上证指数,2007/8/31,5218.82,0.1673
1,上证指数,2007/9/28,5552.3,0.0639
1,上证指数,2007/10/31,5954.77,0.0725
1,上证指数,2007/11/30,4871.78,-0.1819
1,上证指数,2007/12/28,5261.56,0.08
1,上证指数,2008/1/31,4383.39,-0.1669
1,上证指数,2008/2/29,4348.54,-0.008
1,上证指数,2008/3/31,3472.71,-0.2014
1,上证指数,2008/4/30,3693.11,0.0635
1,上证指数,2008/5/30,3433.35,-0.0703
1,上证指数,2008/6/30,2736.1,-0.2031
1,上证指数,2008/7/31,2775.72,0.0145
1,上证指数,2008/8/29,2397.37,-0.1363
1,上证指数,2008/9/26,2293.78,-0.0432
1,上证指数,2008/10/31,1728.79,-0.2463
1,上证指数,2008/11/28,1871.16,0.0824
1,上证指数,2008/12/31,1820.81,-0.0269
1,上证指数,2009/1/23,1990.66,0.0933
1,上证指数,2009/2/27,2082.85,0.0463
1,上证指数,2009/3/31,2373.21,0.1394
1,上证指数,2009/4/30,2477.57,0.044
1,上证指数,2009/5/27,2632.93,0.0627
1,上证指数,2009/6/30,2959.36,0.124
1,上证指数,2009/7/31,3412.06,0.153
1,上证指数,2009/8/31,2667.74,-0.2181
1,上证指数,2009/9/30,2779.43,0.0419
1,上证指数,2009/10/30,2995.85,0.0779
1,上证指数,2009/11/30,3195.3,0.0666
1,上证指数,2009/12/31,3277.14,0.0256
1,上证指数,2010/1/29,2989.29,-0.0878
1,上证指数,2010/2/26,3051.94,0.021
1,上证指数,2010/3/31,3109.11,0.0187
1,上证指数,2010/4/30,2870.61,-0.0767
1,上证指数,2010/5/31,2592.15,-0.097
1,上证指数,2010/6/30,2398.37,-0.0748
1,上证指数,2010/7/30,2637.5,0.0997
1,上证指数,2010/8/31,2638.8,0.0005
1,上证指数,2010/9/30,2655.66,0.0064
1,上证指数,2010/10/29,2978.84,0.1217
1,上证指数,2010/11/30,2820.18,-0.0533
1,上证指数,2010/12/31,2808.08,-0.0043
1,上证指数,2011/1/31,2790.69,-0.0062
1,上证指数,2011/2/28,2905.05,0.041
1,上证指数,2011/3/31,2928.11,0.0079
1,上证指数,2011/4/29,2911.51,-0.0057
1,上证指数,2011/5/31,2743.47,-0.0577
1,上证指数,2011/6/30,2762.08,0.0068
1,上证指数,2011/7/29,2701.73,-0.0218
1,上证指数,2011/8/31,2567.34,-0.0497
1,上证指数,2011/9/30,2359.22,-0.0811
1,上证指数,2011/10/31,2468.25,0.0462
1,上证指数,2011/11/30,2333.41,-0.0546
1,上证指数,2011/12/30,2199.42,-0.0574
1,上证指数,2012/1/31,2292.61,0.0424
1,上证指数,2012/2/29,2428.49,0.0593
1,上证指数,2012/3/30,2262.79,-0.0682
1,上证指数,2012/4/27,2396.32,0.059
1,上证指数,2012/5/31,2372.23,-0.01
1,上证指数,2012/6/29,2225.43,-0.0619
1,上证指数,2012/7/31,2103.63,-0.0547
1,上证指数,2012/8/31,2047.52,-0.0267
1,上证指数,2012/9/28,2086.17,0.0189
1,上证指数,2012/10/31,2068.88,-0.0083
1,上证指数,2012/11/30,1980.12,-0.0429
1,上证指数,2012/12/31,2269.13,0.146
1,上证指数,2013/1/31,2385.42,0.0513
1,上证指数,2013/2/28,2365.59,-0.0083
1,上证指数,2013/3/29,2236.62,-0.0545
1,上证指数,2013/4/26,2177.91,-0.0262
1,上证指数,2013/5/31,2300.59,0.0563
1,上证指数,2013/6/28,1979.21,-0.1397
1,上证指数,2013/7/31,1993.8,0.0074
1,上证指数,2013/8/30,2098.38,0.0525
1,上证指数,2013/9/30,2174.66,0.0364
1,上证指数,2013/10/31,2141.61,-0.0152
1,上证指数,2013/11/29,2220.5,0.0368
1,上证指数,2013/12/31,2115.98,-0.0471
1,上证指数,2014/1/30,2033.08,-0.0392
1,上证指数,2014/2/28,2056.3,0.0114
1,上证指数,2014/3/31,2033.31,-0.0112
1,上证指数,2014/4/30,2026.36,-0.0034
1,上证指数,2014/5/30,2039.21,0.0063
1,上证指数,2014/6/30,2048.33,0.0045
1,上证指数,2014/7/31,2201.56,0.0748
1,上证指数,2014/8/29,2217.2,0.0071
1,上证指数,2014/9/30,2363.87,0.0662
1,上证指数,2014/10/31,2420.18,0.0238
1,上证指数,2014/11/28,2682.84,0.1085
1,上证指数,2014/12/31,3234.68,0.2057
1,上证指数,2015/1/30,3210.36,-0.0075
1,上证指数,2015/2/27,3310.3,0.0311
1,上证指数,2015/3/31,3747.9,0.1322
1,上证指数,2015/4/30,4441.65,0.1851
1,上证指数,2015/5/29,4611.74,0.0383
1,上证指数,2015/6/30,4277.22,-0.0725
1,上证指数,2015/7/31,3663.73,-0.1434
1,上证指数,2015/8/31,3205.99,-0.1249
1,上证指数,2015/9/30,3052.78,-0.0478
1,上证指数,2015/10/30,3382.56,0.108
1,上证指数,2015/11/30,3445.4,0.0186
1,上证指数,2015/12/31,3539.18,0.0272
1,上证指数,2016/1/29,2737.6,-0.2265
1,上证指数,2016/2/29,2687.98,-0.0181
1,上证指数,2016/3/31,3003.92,0.1175
1,上证指数,2016/4/29,2938.32,-0.0218
1,上证指数,2016/5/31,2916.62,-0.0074
1,上证指数,2016/6/30,2929.61,0.0045
1,上证指数,2016/7/29,2979.34,0.017
1,上证指数,2016/8/31,3085.49,0.0356
1,上证指数,2016/9/30,3004.7,-0.0262
1,上证指数,2016/10/31,3100.49,0.0319
1,上证指数,2016/11/30,3250.03,0.0482
1,上证指数,2016/12/30,3103.64,-0.045
1,上证指数,2017/1/26,3159.17,0.0179
1,上证指数,2017/2/28,3241.73,0.0261
1,上证指数,2017/3/31,3222.51,-0.0059
1,上证指数,2017/4/28,3154.66,-0.0211
1,上证指数,2017/5/31,3117.18,-0.0119
1,上证指数,2017/6/30,3192.43,0.0241
1,上证指数,2017/7/31,3273.03,0.0252
1,上证指数,2017/8/31,3360.81,0.0268
1,上证指数,2017/9/29,3348.94,-0.0035
1,上证指数,2017/10/31,3393.34,0.0133
1,上证指数,2017/11/30,3317.19,-0.0224
1,上证指数,2017/12/29,3307.17,-0.003
32,上证能源,2009/1/23,1845.82,
32,上证能源,2009/2/27,1796.04,-0.027
32,上证能源,2009/3/31,2118.31,0.1794
32,上证能源,2009/4/30,2420.38,0.1426
32,上证能源,2009/5/27,2720.26,0.1239
32,上证能源,2009/6/30,2974.64,0.0935
32,上证能源,2009/7/31,3768.24,0.2668
32,上证能源,2009/8/31,2791.59,-0.2592
32,上证能源,2009/9/30,2888.72,0.0348
32,上证能源,2009/10/30,3237.78,0.1208
32,上证能源,2009/11/30,3498.81,0.0806
32,上证能源,2009/12/31,3534.2,0.0101
32,上证能源,2010/1/29,3013.19,-0.1474
32,上证能源,2010/2/26,3012.64,-0.0002
32,上证能源,2010/3/31,3064.59,0.0172
32,上证能源,2010/4/30,2878.92,-0.0606
32,上证能源,2010/5/31,2513.56,-0.1269
32,上证能源,2010/6/30,2201.8,-0.124
32,上证能源,2010/7/30,2515.66,0.1425
32,上证能源,2010/8/31,2526.31,0.0042
32,上证能源,2010/9/30,2518.71,-0.003
32,上证能源,2010/10/29,3244.27,0.2881
32,上证能源,2010/11/30,2966.5,-0.0856
32,上证能源,2010/12/31,3149.36,0.0616
32,上证能源,2011/1/31,3016.23,-0.0423
32,上证能源,2011/2/28,3162.15,0.0484
32,上证能源,2011/3/31,3256.62,0.0299
32,上证能源,2011/4/29,3224.94,-0.0097
32,上证能源,2011/5/31,3002.99,-0.0688
32,上证能源,2011/6/30,3101.57,0.0328
32,上证能源,2011/7/29,3076.08,-0.0082
32,上证能源,2011/8/31,2927.16,-0.0484
32,上证能源,2011/9/30,2807.16,-0.041
32,上证能源,2011/10/31,2789.53,-0.0063
32,上证能源,2011/11/30,2587.13,-0.0726
32,上证能源,2011/12/30,2407.92,-0.0693
32,上证能源,2012/1/31,2617.66,0.0871
32,上证能源,2012/2/29,2768.34,0.0576
32,上证能源,2012/3/30,2528.62,-0.0866
32,上证能源,2012/4/27,2711.89,0.0725
32,上证能源,2012/5/31,2655.75,-0.0207
32,上证能源,2012/6/29,2289.25,-0.138
32,上证能源,2012/7/31,2217.82,-0.0312
32,上证能源,2012/8/31,2090.13,-0.0576
32,上证能源,2012/9/28,2214.59,0.0595
32,上证能源,2012/10/31,2148.4,-0.0299
32,上证能源,2012/11/30,1976.91,-0.0798
32,上证能源,2012/12/31,2303.67,0.1653
32,上证能源,2013/1/31,2393.14,0.0388
32,上证能源,2013/2/28,2325.13,-0.0284
32,上证能源,2013/3/29,2172.25,-0.0658
32,上证能源,2013/4/26,2017.48,-0.0712
32,上证能源,2013/5/31,2051.64,0.0169
32,上证能源,2013/6/28,1624.88,-0.208
32,上证能源,2013/7/31,1536.5,-0.0544
32,上证能源,2013/8/30,1626.5,0.0586
32,上证能源,2013/9/30,1640.45,0.0086
32,上证能源,2013/10/31,1664.76,0.0148
32,上证能源,2013/11/29,1713.07,0.029
32,上证能源,2013/12/31,1542.48,-0.0996
32,上证能源,2014/1/30,1391.63,-0.0978
32,上证能源,2014/2/28,1418.39,0.0192
32,上证能源,2014/3/31,1371.57,-0.033
32,上证能源,2014/4/30,1339.9,-0.0231
32,上证能源,2014/5/30,1369.94,0.0224
32,上证能源,2014/6/30,1373.64,0.0027
32,上证能源,2014/7/31,1492.45,0.0865
32,上证能源,2014/8/29,1535.13,0.0286
32,上证能源,2014/9/30,1595.78,0.0395
32,上证能源,2014/10/31,1572.85,-0.0144
32,上证能源,2014/11/28,1630.71,0.0368
32,上证能源,2014/12/31,1912.71,0.1729
32,上证能源,2015/1/30,1851.1,-0.0322
32,上证能源,2015/2/27,1876.6,0.0138
32,上证能源,2015/3/31,2069.24,0.1027
32,上证能源,2015/4/30,2496.95,0.2067
32,上证能源,2015/5/29,2391.53,-0.0422
32,上证能源,2015/6/30,2475.91,0.0353
32,上证能源,2015/7/31,1965.84,-0.206
32,上证能源,2015/8/31,1653.18,-0.159
32,上证能源,2015/9/30,1520.64,-0.0802
32,上证能源,2015/10/30,1649.52,0.0848
32,上证能源,2015/11/30,1610.25,-0.0238
32,上证能源,2015/12/31,1626.12,0.0099
32,上证能源,2016/1/29,1356.53,-0.1658
32,上证能源,2016/2/29,1381.19,0.0182
32,上证能源,2016/3/31,1460.33,0.0573
32,上证能源,2016/4/29,1505.51,0.0309
32,上证能源,2016/5/31,1409.8,-0.0636
32,上证能源,2016/6/30,1408.54,-0.0009
32,上证能源,2016/7/29,1457.5,0.0348
32,上证能源,2016/8/31,1515.53,0.0398
32,上证能源,2016/9/30,1490.14,-0.0168
32,上证能源,2016/10/31,1571.3,0.0545
32,上证能源,2016/11/30,1579.4,0.0052
32,上证能源,2016/12/30,1562.84,-0.0105
32,上证能源,2017/1/26,1632.59,0.0446
32,上证能源,2017/2/28,1628.46,-0.0025
32,上证能源,2017/3/31,1616.44,-0.0074
32,上证能源,2017/4/28,1547.18,-0.0428
32,上证能源,2017/5/31,1550.47,0.0021
32,上证能源,2017/6/30,1585.48,0.0226
32,上证能源,2017/7/31,1683.31,0.0617
32,上证能源,2017/8/31,1699.64,0.0097
32,上证能源,2017/9/29,1690.25,-0.0055
32,上证能源,2017/10/31,1629.93,-0.0357
32,上证能源,2017/11/30,1664.05,0.0209
32,上证能源,2017/12/29,1663.59,-0.0003
33,上证材料,2009/1/23,1399.63,
33,上证材料,2009/2/27,1532.12,0.0947
33,上证材料,2009/3/31,1872.13,0.2219
33,上证材料,2009/4/30,1891.17,0.0102
33,上证材料,2009/5/27,1977.35,0.0456
33,上证材料,2009/6/30,2246.97,0.1364
33,上证材料,2009/7/31,2889.34,0.2859
33,上证材料,2009/8/31,2130.21,-0.2627
33,上证材料,2009/9/30,2211.68,0.0382
33,上证材料,2009/10/30,2396.7,0.0837
33,上证材料,2009/11/30,2678.98,0.1178
33,上证材料,2009/12/31,2701.5,0.0084
33,上证材料,2010/1/29,2338.58,-0.1343
33,上证材料,2010/2/26,2407.88,0.0296
33,上证材料,2010/3/31,2427.83,0.0083
33,上证材料,2010/4/30,2260.45,-0.0689
33,上证材料,2010/5/31,2069.46,-0.0845
33,上证材料,2010/6/30,1813.55,-0.1237
33,上证材料,2010/7/30,2066.04,0.1392
33,上证材料,2010/8/31,2194.2,0.062
33,上证材料,2010/9/30,2394.73,0.0914
33,上证材料,2010/10/29,2858.57,0.1937
33,上证材料,2010/11/30,2555.97,-0.1059
33,上证材料,2010/12/31,2614.31,0.0228
33,上证材料,2011/1/31,2459.38,-0.0593
33,上证材料,2011/2/28,2775.36,0.1285
33,上证材料,2011/3/31,2875.43,0.0361
33,上证材料,2011/4/29,2778.95,-0.0336
33,上证材料,2011/5/31,2581.88,-0.0709
33,上证材料,2011/6/30,2706.02,0.0481
33,上证材料,2011/7/29,2673.64,-0.012
33,上证材料,2011/8/31,2471.25,-0.0757
33,上证材料,2011/9/30,2137.5,-0.1351
33,上证材料,2011/10/31,2165.44,0.0131
33,上证材料,2011/11/30,1970.47,-0.09
33,上证材料,2011/12/30,1695.81,-0.1394
33,上证材料,2012/1/31,1908.79,0.1256
33,上证材料,2012/2/29,2072.07,0.0855
33,上证材料,2012/3/30,1904.46,-0.0809
33,上证材料,2012/4/27,2027.76,0.0647
33,上证材料,2012/5/31,2076.26,0.0239
33,上证材料,2012/6/29,1838.13,-0.1147
33,上证材料,2012/7/31,1698.2,-0.0761
33,上证材料,2012/8/31,1634.35,-0.0376
33,上证材料,2012/9/28,1781.1,0.0898
33,上证材料,2012/10/31,1690.85,-0.0507
33,上证材料,2012/11/30,1612.26,-0.0465
33,上证材料,2012/12/31,1850.28,0.1476
33,上证材料,2013/1/31,1914.01,0.0344
33,上证材料,2013/2/28,1863.87,-0.0262
33,上证材料,2013/3/29,1719.06,-0.0777
33,上证材料,2013/4/26,1633.52,-0.0498
33,上证材料,2013/5/31,1667.34,0.0207
33,上证材料,2013/6/28,1338.05,-0.1975
33,上证材料,2013/7/31,1356.17,0.0135
33,上证材料,2013/8/30,1485.71,0.0955
33,上证材料,2013/9/30,1487.88,0.0015
33,上证材料,2013/10/31,1426.2,-0.0415
33,上证材料,2013/11/29,1499.87,0.0517
33,上证材料,2013/12/31,1406.42,-0.0623
33,上证材料,2014/1/30,1327.58,-0.0561
33,上证材料,2014/2/28,1328.78,0.0009
33,上证材料,2014/3/31,1341.03,0.0092
33,上证材料,2014/4/30,1302.96,-0.0284
33,上证材料,2014/5/30,1312.34,0.0072
33,上证材料,2014/6/30,1318.78,0.0049
33,上证材料,2014/7/31,1473.98,0.1177
33,上证材料,2014/8/29,1479.16,0.0035
33,上证材料,2014/9/30,1571.6,0.0625
33,上证材料,2014/10/31,1595.79,0.0154
33,上证材料,2014/11/28,1714.06,0.0741
33,上证材料,2014/12/31,1953.58,0.1397
33,上证材料,2015/1/30,1996.91,0.0222
33,上证材料,2015/2/27,2065.97,0.0346
33,上证材料,2015/3/31,2384.01,0.1539
33,上证材料,2015/4/30,2752.15,0.1544
33,上证材料,2015/5/29,2926.45,0.0633
33,上证材料,2015/6/30,2628.04,-0.102
33,上证材料,2015/7/31,2098.09,-0.2016
33,上证材料,2015/8/31,1855.8,-0.1155
33,上证材料,2015/9/30,1705.75,-0.0809
33,上证材料,2015/10/30,1869.03,0.0957
33,上证材料,2015/11/30,1901.64,0.0174
33,上证材料,2015/12/31,1934.1,0.0171
33,上证材料,2016/1/29,1447.44,-0.2516
33,上证材料,2016/2/29,1507.88,0.0418
33,上证材料,2016/3/31,1677.85,0.1127
33,上证材料,2016/4/29,1670.29,-0.0045
33,上证材料,2016/5/31,1622.68,-0.0285
33,上证材料,2016/6/30,1644.62,0.0135
33,上证材料,2016/7/29,1736.5,0.0559
33,上证材料,2016/8/31,1761.25,0.0143
33,上证材料,2016/9/30,1705,-0.0319
33,上证材料,2016/10/31,1767.89,0.0369
33,上证材料,2016/11/30,1876.74,0.0616
33,上证材料,2016/12/30,1788.07,-0.0472
33,上证材料,2017/1/26,1888.37,0.0561
33,上证材料,2017/2/28,1950.31,0.0328
33,上证材料,2017/3/31,1869.73,-0.0413
33,上证材料,2017/4/28,1871.51,0.001
33,上证材料,2017/5/31,1773.18,-0.0525
33,上证材料,2017/6/30,1898.94,0.0709
33,上证材料,2017/7/31,2226.67,0.1726
33,上证材料,2017/8/31,2322.86,0.0432
33,上证材料,2017/9/29,2313.14,-0.0042
33,上证材料,2017/10/31,2234.51,-0.034
33,上证材料,2017/11/30,2274.36,0.0178
33,上证材料,2017/12/29,2276.6,0.001
34,上证工业,2009/1/23,1647.82,
34,上证工业,2009/2/27,1702.14,0.033
34,上证工业,2009/3/31,2027.04,0.1909
34,上证工业,2009/4/30,2093.63,0.0329
34,上证工业,2009/5/27,2137.03,0.0207
34,上证工业,2009/6/30,2267.79,0.0612
34,上证工业,2009/7/31,2606.4,0.1493
34,上证工业,2009/8/31,2077.57,-0.2029
34,上证工业,2009/9/30,2110.42,0.0158
34,上证工业,2009/10/30,2237.51,0.0602
34,上证工业,2009/11/30,2456.58,0.0979
34,上证工业,2009/12/31,2441.03,-0.0063
34,上证工业,2010/1/29,2328.31,-0.0462
34,上证工业,2010/2/26,2378.33,0.0215
34,上证工业,2010/3/31,2392.62,0.006
34,上证工业,2010/4/30,2207.5,-0.0774
34,上证工业,2010/5/31,1981.8,-0.1022
34,上证工业,2010/6/30,1823.21,-0.08
34,上证工业,2010/7/30,2038.23,0.1179
34,上证工业,2010/8/31,2082.83,0.0219
34,上证工业,2010/9/30,2116.59,0.0162
34,上证工业,2010/10/29,2414.33,0.1407
34,上证工业,2010/11/30,2281.13,-0.0552
34,上证工业,2010/12/31,2322.56,0.0182
34,上证工业,2011/1/31,2479.05,0.0674
34,上证工业,2011/2/28,2536.89,0.0233
34,上证工业,2011/3/31,2396.41,-0.0554
34,上证工业,2011/4/29,2355.39,-0.0171
34,上证工业,2011/5/31,2189.55,-0.0704
34,上证工业,2011/6/30,2252.69,0.0288
34,上证工业,2011/7/29,2125.06,-0.0567
34,上证工业,2011/8/31,1983.49,-0.0666
34,上证工业,2011/9/30,1799.04,-0.093
34,上证工业,2011/10/31,1872.08,0.0406
34,上证工业,2011/11/30,1729.29,-0.0763
34,上证工业,2011/12/30,1567.04,-0.0938
34,上证工业,2012/1/31,1632.54,0.0418
34,上证工业,2012/2/29,1748.2,0.0708
34,上证工业,2012/3/30,1603.81,-0.0826
34,上证工业,2012/4/27,1719.05,0.0719
34,上证工业,2012/5/31,1713.36,-0.0033
34,上证工业,2012/6/29,1560.07,-0.0895
34,上证工业,2012/7/31,1416.91,-0.0918
34,上证工业,2012/8/31,1325.61,-0.0644
34,上证工业,2012/9/28,1356.01,0.0229
34,上证工业,2012/10/31,1343.72,-0.0091
34,上证工业,2012/11/30,1290.63,-0.0395
34,上证工业,2012/12/31,1499.64,0.1619
34,上证工业,2013/1/31,1545.28,0.0304
34,上证工业,2013/2/28,1570.79,0.0165
34,上证工业,2013/3/29,1441.96,-0.082
34,上证工业,2013/4/26,1398.3,-0.0303
34,上证工业,2013/5/31,1515.75,0.084
34,上证工业,2013/6/28,1276.65,-0.1577
34,上证工业,2013/7/31,1279.48,0.0022
34,上证工业,2013/8/30,1382.54,0.0805
34,上证工业,2013/9/30,1438.17,0.0402
34,上证工业,2013/10/31,1445.44,0.0051
34,上证工业,2013/11/29,1546.25,0.0697
34,上证工业,2013/12/31,1451.66,-0.0612
34,上证工业,2014/1/30,1357.94,-0.0646
34,上证工业,2014/2/28,1355.72,-0.0016
34,上证工业,2014/3/31,1314.39,-0.0305
34,上证工业,2014/4/30,1297.6,-0.0128
34,上证工业,2014/5/30,1289.69,-0.0061
34,上证工业,2014/6/30,1295.39,0.0044
34,上证工业,2014/7/31,1396.57,0.0781
34,上证工业,2014/8/29,1411.48,0.0107
34,上证工业,2014/9/30,1609.33,0.1402
34,上证工业,2014/10/31,1699.1,0.0558
34,上证工业,2014/11/28,1879.62,0.1062
34,上证工业,2014/12/31,2439.38,0.2978
34,上证工业,2015/1/30,2440.55,0.0005
34,上证工业,2015/2/27,2536.33,0.0392
34,上证工业,2015/3/31,3091.89,0.219
34,上证工业,2015/4/30,4388.26,0.4193
34,上证工业,2015/5/29,4365.1,-0.0053
34,上证工业,2015/6/30,3698.97,-0.1526
34,上证工业,2015/7/31,3176.45,-0.1413
34,上证工业,2015/8/31,2823.47,-0.1111
34,上证工业,2015/9/30,2640.56,-0.0648
34,上证工业,2015/10/30,2884.05,0.0922
34,上证工业,2015/11/30,2731.99,-0.0527
34,上证工业,2015/12/31,2699.86,-0.0118
34,上证工业,2016/1/29,2020.95,-0.2515
34,上证工业,2016/2/29,1942.38,-0.0389
34,上证工业,2016/3/31,2186.25,0.1256
34,上证工业,2016/4/29,2052.82,-0.061
34,上证工业,2016/5/31,2032.21,-0.01
34,上证工业,2016/6/30,1974.3,-0.0285
34,上证工业,2016/7/29,2050.11,0.0384
34,上证工业,2016/8/31,2121.98,0.0351
34,上证工业,2016/9/30,2051.18,-0.0334
34,上证工业,2016/10/31,2167.17,0.0565
34,上证工业,2016/11/30,2483.63,0.146
34,上证工业,2016/12/30,2293.55,-0.0765
34,上证工业,2017/1/26,2359.55,0.0288
34,上证工业,2017/2/28,2426.13,0.0282
34,上证工业,2017/3/31,2441.46,0.0063
34,上证工业,2017/4/28,2417.77,-0.0097
34,上证工业,2017/5/31,2315.57,-0.0423
34,上证工业,2017/6/30,2373.74,0.0251
34,上证工业,2017/7/31,2450.78,0.0325
34,上证工业,2017/8/31,2443.46,-0.003
34,上证工业,2017/9/29,2389.94,-0.0219
34,上证工业,2017/10/31,2483.61,0.0392
34,上证工业,2017/11/30,2427.08,-0.0228
34,上证工业,2017/12/29,2420.16,-0.0029
35,上证可选,2009/1/23,1208.02,
35,上证可选,2009/2/27,1323.23,0.0954
35,上证可选,2009/3/31,1579.19,0.1934
35,上证可选,2009/4/30,1740.59,0.1022
35,上证可选,2009/5/27,1836.65,0.0552
35,上证可选,2009/6/30,1916.31,0.0434
35,上证可选,2009/7/31,2121.99,0.1073
35,上证可选,2009/8/31,1834.84,-0.1353
35,上证可选,2009/9/30,1947.64,0.0615
35,上证可选,2009/10/30,2222.41,0.1411
35,上证可选,2009/11/30,2541.79,0.1437
35,上证可选,2009/12/31,2606.71,0.0255
35,上证可选,2010/1/29,2487.2,-0.0458
35,上证可选,2010/2/26,2638.66,0.0609
35,上证可选,2010/3/31,2633.05,-0.0021
35,上证可选,2010/4/30,2395.73,-0.0901
35,上证可选,2010/5/31,2157.3,-0.0995
35,上证可选,2010/6/30,2006.02,-0.0701
35,上证可选,2010/7/30,2298.72,0.1459
35,上证可选,2010/8/31,2485.67,0.0813
35,上证可选,2010/9/30,2528.46,0.0172
35,上证可选,2010/10/29,2741.89,0.0844
35,上证可选,2010/11/30,2637.75,-0.038
35,上证可选,2010/12/31,2485.04,-0.0579
35,上证可选,2011/1/31,2424.59,-0.0243
35,上证可选,2011/2/28,2616.99,0.0794
35,上证可选,2011/3/31,2517.4,-0.0381
35,上证可选,2011/4/29,2430.74,-0.0344
35,上证可选,2011/5/31,2214.82,-0.0888
35,上证可选,2011/6/30,2262.85,0.0217
35,上证可选,2011/7/29,2238.87,-0.0106
35,上证可选,2011/8/31,2130.08,-0.0486
35,上证可选,2011/9/30,1925.47,-0.0961
35,上证可选,2011/10/31,2017.37,0.0477
35,上证可选,2011/11/30,1873.48,-0.0713
35,上证可选,2011/12/30,1707.13,-0.0888
35,上证可选,2012/1/31,1742.5,0.0207
35,上证可选,2012/2/29,1945.13,0.1163
35,上证可选,2012/3/30,1778.25,-0.0858
35,上证可选,2012/4/27,1899.33,0.0681
35,上证可选,2012/5/31,1909.17,0.0052
35,上证可选,2012/6/29,1737.77,-0.0898
35,上证可选,2012/7/31,1638.17,-0.0573
35,上证可选,2012/8/31,1578.05,-0.0367
35,上证可选,2012/9/28,1649.63,0.0454
35,上证可选,2012/10/31,1603.76,-0.0278
35,上证可选,2012/11/30,1482.87,-0.0754
35,上证可选,2012/12/31,1760.95,0.1875
35,上证可选,2013/1/31,1811.36,0.0286
35,上证可选,2013/2/28,1837.24,0.0143
35,上证可选,2013/3/29,1731.22,-0.0577
35,上证可选,2013/4/26,1729.03,-0.0013
35,上证可选,2013/5/31,1862.88,0.0774
35,上证可选,2013/6/28,1616.89,-0.132
35,上证可选,2013/7/31,1650.33,0.0207
35,上证可选,2013/8/30,1802,0.0919
35,上证可选,2013/9/30,2062.4,0.1445
35,上证可选,2013/10/31,1970.82,-0.0444
35,上证可选,2013/11/29,2088.27,0.0596
35,上证可选,2013/12/31,1985.92,-0.049
35,上证可选,2014/1/30,2002.44,0.0083
35,上证可选,2014/2/28,2002.96,0.0003
35,上证可选,2014/3/31,1941.84,-0.0305
35,上证可选,2014/4/30,1929.12,-0.0066
35,上证可选,2014/5/30,1898.28,-0.016
35,上证可选,2014/6/30,1922.07,0.0125
35,上证可选,2014/7/31,2055.24,0.0693
35,上证可选,2014/8/29,2129.42,0.0361
35,上证可选,2014/9/30,2279.19,0.0703
35,上证可选,2014/10/31,2274.73,-0.002
35,上证可选,2014/11/28,2473.25,0.0873
35,上证可选,2014/12/31,2564.75,0.037
35,上证可选,2015/1/30,2748.14,0.0715
35,上证可选,2015/2/27,2939.74,0.0697
35,上证可选,2015/3/31,3459.89,0.1769
35,上证可选,2015/4/30,3906.51,0.1291
35,上证可选,2015/5/29,4182.5,0.0706
35,上证可选,2015/6/30,3833.1,-0.0835
35,上证可选,2015/7/31,3286.9,-0.1425
35,上证可选,2015/8/31,2912.14,-0.114
35,上证可选,2015/9/30,2768.51,-0.0493
35,上证可选,2015/10/30,3140.41,0.1343
35,上证可选,2015/11/30,3176.65,0.0115
35,上证可选,2015/12/31,3295.83,0.0375
35,上证可选,2016/1/29,2430.55,-0.2625
35,上证可选,2016/2/29,2348.14,-0.0339
35,上证可选,2016/3/31,2695.15,0.1478
35,上证可选,2016/4/29,2617.42,-0.0288
35,上证可选,2016/5/31,2619.18,0.0007
35,上证可选,2016/6/30,2596.84,-0.0085
35,上证可选,2016/7/29,2719.02,0.047
35,上证可选,2016/8/31,2722.46,0.0013
35,上证可选,2016/9/30,2665.63,-0.0209
35,上证可选,2016/10/31,2733.9,0.0256
35,上证可选,2016/11/30,2838.02,0.0381
35,上证可选,2016/12/30,2729.43,-0.0383
35,上证可选,2017/1/26,2779.37,0.0183
35,上证可选,2017/2/28,2851.19,0.0258
35,上证可选,2017/3/31,2851.88,0.0002
35,上证可选,2017/4/28,2795.94,-0.0196
35,上证可选,2017/5/31,2805.21,0.0033
35,上证可选,2017/6/30,2946.11,0.0502
35,上证可选,2017/7/31,2849.66,-0.0327
35,上证可选,2017/8/31,2842,-0.0027
35,上证可选,2017/9/29,2929.36,0.0307
35,上证可选,2017/10/31,3005.04,0.0258
35,上证可选,2017/11/30,2869.12,-0.0452
35,上证可选,2017/12/29,2933.95,0.0226
36,上证消费,2009/1/23,2499.35,
36,上证消费,2009/2/27,2750.94,0.1007
36,上证消费,2009/3/31,2996.2,0.0892
36,上证消费,2009/4/30,3188.53,0.0642
36,上证消费,2009/5/27,3180.36,-0.0026
36,上证消费,2009/6/30,3472.22,0.0918
36,上证消费,2009/7/31,3768.41,0.0853
36,上证消费,2009/8/31,3407.7,-0.0957
36,上证消费,2009/9/30,3468.83,0.0179
36,上证消费,2009/10/30,3832.72,0.1049
36,上证消费,2009/11/30,4412.7,0.1513
36,上证消费,2009/12/31,4432.57,0.0045
36,上证消费,2010/1/29,4325.84,-0.0241
36,上证消费,2010/2/26,4414.94,0.0206
36,上证消费,2010/3/31,4348.36,-0.0151
36,上证消费,2010/4/30,4161.42,-0.043
36,上证消费,2010/5/31,3981.44,-0.0432
36,上证消费,2010/6/30,3656.96,-0.0815
36,上证消费,2010/7/30,4069.96,0.1129
36,上证消费,2010/8/31,4550.98,0.1182
36,上证消费,2010/9/30,4862.09,0.0684
36,上证消费,2010/10/29,5009.98,0.0304
36,上证消费,2010/11/30,5401.76,0.0782
36,上证消费,2010/12/31,4997.48,-0.0748
36,上证消费,2011/1/31,4593.4,-0.0809
36,上证消费,2011/2/28,4948.08,0.0772
36,上证消费,2011/3/31,4793.61,-0.0312
36,上证消费,2011/4/29,4648.55,-0.0303
36,上证消费,2011/5/31,4534.59,-0.0245
36,上证消费,2011/6/30,4601.69,0.0148
36,上证消费,2011/7/29,4916.73,0.0685
36,上证消费,2011/8/31,4933.32,0.0034
36,上证消费,2011/9/30,4351.23,-0.118
36,上证消费,2011/10/31,4552.61,0.0463
36,上证消费,2011/11/30,4679,0.0278
36,上证消费,2011/12/30,3895.22,-0.1675
36,上证消费,2012/1/31,3750.69,-0.0371
36,上证消费,2012/2/29,4214.31,0.1236
36,上证消费,2012/3/30,4025.4,-0.0448
36,上证消费,2012/4/27,4285.95,0.0647
36,上证消费,2012/5/31,4448.67,0.038
36,上证消费,2012/6/29,4321.72,-0.0285
36,上证消费,2012/7/31,4109.88,-0.049
36,上证消费,2012/8/31,4035.06,-0.0182
36,上证消费,2012/9/28,4168.25,0.033
36,上证消费,2012/10/31,4174.64,0.0015
36,上证消费,2012/11/30,3677.18,-0.1192
36,上证消费,2012/12/31,4070.97,0.1071
36,上证消费,2013/1/31,4126.22,0.0136
36,上证消费,2013/2/28,4320.79,0.0472
36,上证消费,2013/3/29,4264.91,-0.0129
36,上证消费,2013/4/26,4061.09,-0.0478
36,上证消费,2013/5/31,4270.47,0.0516
36,上证消费,2013/6/28,4006.5,-0.0618
36,上证消费,2013/7/31,4146.44,0.0349
36,上证消费,2013/8/30,4296.66,0.0362
36,上证消费,2013/9/30,4609.89,0.0729
36,上证消费,2013/10/31,4367.91,-0.0525
36,上证消费,2013/11/29,4568.54,0.0459
36,上证消费,2013/12/31,4384.5,-0.0403
36,上证消费,2014/1/30,4040.82,-0.0784
36,上证消费,2014/2/28,4104.35,0.0157
36,上证消费,2014/3/31,4033.97,-0.0171
36,上证消费,2014/4/30,4093.71,0.0148
36,上证消费,2014/5/30,3967.69,-0.0308
36,上证消费,2014/6/30,3929.94,-0.0095
36,上证消费,2014/7/31,4281.66,0.0895
36,上证消费,2014/8/29,4326.7,0.0105
36,上证消费,2014/9/30,4557.2,0.0533
36,上证消费,2014/10/31,4431.04,-0.0277
36,上证消费,2014/11/28,4601.11,0.0384
36,上证消费,2014/12/31,5044.88,0.0964
36,上证消费,2015/1/30,5081.36,0.0072
36,上证消费,2015/2/27,5372.58,0.0573
36,上证消费,2015/3/31,6137.76,0.1424
36,上证消费,2015/4/30,7108.5,0.1582
36,上证消费,2015/5/29,7705.02,0.0839
36,上证消费,2015/6/30,7371.29,-0.0433
36,上证消费,2015/7/31,6511.77,-0.1166
36,上证消费,2015/8/31,5991.13,-0.08
36,上证消费,2015/9/30,5505.75,-0.081
36,上证消费,2015/10/30,6082.68,0.1048
36,上证消费,2015/11/30,6067.75,-0.0025
36,上证消费,2015/12/31,6260.98,0.0318
36,上证消费,2016/1/29,4924.09,-0.2135
36,上证消费,2016/2/29,4922.42,-0.0003
36,上证消费,2016/3/31,5581.28,0.1338
36,上证消费,2016/4/29,5542.2,-0.007
36,上证消费,2016/5/31,5626.34,0.0152
36,上证消费,2016/6/30,5803.38,0.0315
36,上证消费,2016/7/29,6189.32,0.0665
36,上证消费,2016/8/31,6142.52,-0.0076
36,上证消费,2016/9/30,5983.25,-0.0259
36,上证消费,2016/10/31,6285.92,0.0506
36,上证消费,2016/11/30,6471.94,0.0296
36,上证消费,2016/12/30,6329.85,-0.022
36,上证消费,2017/1/26,6407.15,0.0122
36,上证消费,2017/2/28,6674.51,0.0417
36,上证消费,2017/3/31,6757.65,0.0125
36,上证消费,2017/4/28,6720.7,-0.0055
36,上证消费,2017/5/31,6635.88,-0.0126
36,上证消费,2017/6/30,7155.6,0.0783
36,上证消费,2017/7/31,7327,0.024
36,上证消费,2017/8/31,7553.8,0.031
36,上证消费,2017/9/29,8170.04,0.0816
36,上证消费,2017/10/31,8814.46,0.0789
36,上证消费,2017/11/30,8430.7,-0.0435
36,上证消费,2017/12/29,9102.78,0.0797
37,上证医药,2009/1/23,1843.09,
37,上证医药,2009/2/27,1912.95,0.0379
37,上证医药,2009/3/31,2113.82,0.105
37,上证医药,2009/4/30,2248.93,0.0639
37,上证医药,2009/5/27,2160.15,-0.0395
37,上证医药,2009/6/30,2327.49,0.0775
37,上证医药,2009/7/31,2432.81,0.0452
37,上证医药,2009/8/31,2404.86,-0.0115
37,上证医药,2009/9/30,2548.49,0.0597
37,上证医药,2009/10/30,2854.18,0.1199
37,上证医药,2009/11/30,3177.09,0.1131
37,上证医药,2009/12/31,3217.31,0.0127
37,上证医药,2010/1/29,3275.82,0.0182
37,上证医药,2010/2/26,3421.93,0.0446
37,上证医药,2010/3/31,3345.19,-0.0224
37,上证医药,2010/4/30,3638.46,0.0877
37,上证医药,2010/5/31,3687.59,0.0135
37,上证医药,2010/6/30,3043.35,-0.1747
37,上证医药,2010/7/30,3313.05,0.0886
37,上证医药,2010/8/31,3751.22,0.1323
37,上证医药,2010/9/30,4056.01,0.0813
37,上证医药,2010/10/29,4092.99,0.0091
37,上证医药,2010/11/30,4664.17,0.1396
37,上证医药,2010/12/31,4304.82,-0.077
37,上证医药,2011/1/31,3934.32,-0.0861
37,上证医药,2011/2/28,4098.19,0.0417
37,上证医药,2011/3/31,3848.37,-0.061
37,上证医药,2011/4/29,3828.29,-0.0052
37,上证医药,2011/5/31,3635.54,-0.0503
37,上证医药,2011/6/30,3678.35,0.0118
37,上证医药,2011/7/29,3977.7,0.0814
37,上证医药,2011/8/31,3792.32,-0.0466
37,上证医药,2011/9/30,3237.8,-0.1462
37,上证医药,2011/10/31,3388.37,0.0465
37,上证医药,2011/11/30,3378.26,-0.003
37,上证医药,2011/12/30,2963.82,-0.1227
37,上证医药,2012/1/31,2762.24,-0.068
37,上证医药,2012/2/29,3013.18,0.0908
37,上证医药,2012/3/30,2829.59,-0.0609
37,上证医药,2012/4/27,2898.85,0.0245
37,上证医药,2012/5/31,3136.63,0.082
37,上证医药,2012/6/29,3355.65,0.0698
37,上证医药,2012/7/31,3231.92,-0.0369
37,上证医药,2012/8/31,3261.36,0.0091
37,上证医药,2012/9/28,3328.53,0.0206
37,上证医药,2012/10/31,3394.89,0.0199
37,上证医药,2012/11/30,3030.91,-0.1072
37,上证医药,2012/12/31,3268.42,0.0784
37,上证医药,2013/1/31,3657.2,0.119
37,上证医药,2013/2/28,3877.02,0.0601
37,上证医药,2013/3/29,4016.84,0.0361
37,上证医药,2013/4/26,3933.19,-0.0208
37,上证医药,2013/5/31,4375.73,0.1125
37,上证医药,2013/6/28,3977.46,-0.091
37,上证医药,2013/7/31,4332.23,0.0892
37,上证医药,2013/8/30,4214.14,-0.0273
37,上证医药,2013/9/30,4510.9,0.0704
37,上证医药,2013/10/31,4164.46,-0.0768
37,上证医药,2013/11/29,4276.29,0.0269
37,上证医药,2013/12/31,4333.41,0.0134
37,上证医药,2014/1/30,4266.05,-0.0155
37,上证医药,2014/2/28,4338.58,0.017
37,上证医药,2014/3/31,4131.31,-0.0478
37,上证医药,2014/4/30,3940.88,-0.0461
37,上证医药,2014/5/30,4012.18,0.0181
37,上证医药,2014/6/30,4142.88,0.0326
37,上证医药,2014/7/31,4248.39,0.0255
37,上证医药,2014/8/29,4229.36,-0.0045
37,上证医药,2014/9/30,4542.66,0.0741
37,上证医药,2014/10/31,4633.06,0.0199
37,上证医药,2014/11/28,4648.93,0.0034
37,上证医药,2014/12/31,4607.06,-0.009
37,上证医药,2015/1/30,4963.1,0.0773
37,上证医药,2015/2/27,5105.48,0.0287
37,上证医药,2015/3/31,5993.34,0.1739
37,上证医药,2015/4/30,6992.66,0.1667
37,上证医药,2015/5/29,7989.15,0.1425
37,上证医药,2015/6/30,7079,-0.1139
37,上证医药,2015/7/31,6374.9,-0.0995
37,上证医药,2015/8/31,5606.96,-0.1205
37,上证医药,2015/9/30,5387.43,-0.0392
37,上证医药,2015/10/30,6158.07,0.143
37,上证医药,2015/11/30,5994.85,-0.0265
37,上证医药,2015/12/31,6719.11,0.1208
37,上证医药,2016/1/29,5019.73,-0.2529
37,上证医药,2016/2/29,4964,-0.0111
37,上证医药,2016/3/31,5541.21,0.1163
37,上证医药,2016/4/29,5349.16,-0.0347
37,上证医药,2016/5/31,5384.35,0.0066
37,上证医药,2016/6/30,5477.8,0.0174
37,上证医药,2016/7/29,5934.45,0.0834
37,上证医药,2016/8/31,6030.98,0.0163
37,上证医药,2016/9/30,6019.27,-0.0019
37,上证医药,2016/10/31,6100.81,0.0135
37,上证医药,2016/11/30,6173.26,0.0119
37,上证医药,2016/12/30,5954.09,-0.0355
37,上证医药,2017/1/26,5987.82,0.0057
37,上证医药,2017/2/28,6107.32,0.02
37,上证医药,2017/3/31,6235.14,0.0209
37,上证医药,2017/4/28,6215.41,-0.0032
37,上证医药,2017/5/31,6237.79,0.0036
37,上证医药,2017/6/30,6536.78,0.0479
37,上证医药,2017/7/31,6214.95,-0.0492
37,上证医药,2017/8/31,6322.13,0.0172
37,上证医药,2017/9/29,6479.37,0.0249
37,上证医药,2017/10/31,7017.29,0.083
37,上证医药,2017/11/30,6750.91,-0.038
37,上证医药,2017/12/29,7038.77,0.0426
38,上证金融,2009/1/23,2346.32,
38,上证金融,2009/2/27,2427.71,0.0347
38,上证金融,2009/3/31,2849.9,0.1739
38,上证金融,2009/4/30,2930.01,0.0281
38,上证金融,2009/5/27,3144.08,0.0731
38,上证金融,2009/6/30,3921.19,0.2472
38,上证金融,2009/7/31,4555.68,0.1618
38,上证金融,2009/8/31,3201.82,-0.2972
38,上证金融,2009/9/30,3539.34,0.1054
38,上证金融,2009/10/30,3884.63,0.0976
38,上证金融,2009/11/30,3952.61,0.0175
38,上证金融,2009/12/31,4107.46,0.0392
38,上证金融,2010/1/29,3555.01,-0.1345
38,上证金融,2010/2/26,3627.34,0.0203
38,上证金融,2010/3/31,3845.23,0.0601
38,上证金融,2010/4/30,3449.79,-0.1028
38,上证金融,2010/5/31,3065.19,-0.1115
38,上证金融,2010/6/30,2928.26,-0.0447
38,上证金融,2010/7/30,3199.38,0.0926
38,上证金融,2010/8/31,3031.49,-0.0525
38,上证金融,2010/9/30,2940.75,-0.0299
38,上证金融,2010/10/29,3380.71,0.1496
38,上证金融,2010/11/30,3046.36,-0.0989
38,上证金融,2010/12/31,3007.09,-0.0129
38,上证金融,2011/1/31,2981.02,-0.0087
38,上证金融,2011/2/28,3043.8,0.0211
38,上证金融,2011/3/31,3145.89,0.0335
38,上证金融,2011/4/29,3228.59,0.0263
38,上证金融,2011/5/31,3070.82,-0.0489
38,上证金融,2011/6/30,2982.68,-0.0287
38,上证金融,2011/7/29,2847.22,-0.0454
38,上证金融,2011/8/31,2788.21,-0.0207
38,上证金融,2011/9/30,2563.31,-0.0807
38,上证金融,2011/10/31,2791.7,0.0891
38,上证金融,2011/11/30,2589.71,-0.0724
38,上证金融,2011/12/30,2590.27,0.0002
38,上证金融,2012/1/31,2785.57,0.0754
38,上证金融,2012/2/29,2901.61,0.0417
38,上证金融,2012/3/30,2744.3,-0.0542
38,上证金融,2012/4/27,2934.32,0.0692
38,上证金融,2012/5/31,2895.15,-0.0133
38,上证金融,2012/6/29,2785.11,-0.038
38,上证金融,2012/7/31,2670.96,-0.041
38,上证金融,2012/8/31,2528.53,-0.0533
38,上证金融,2012/9/28,2586.24,0.0228
38,上证金融,2012/10/31,2558.99,-0.0105
38,上证金融,2012/11/30,2510.14,-0.0191
38,上证金融,2012/12/31,3131.03,0.2474
38,上证金融,2013/1/31,3485.4,0.1132
38,上证金融,2013/2/28,3412.99,-0.0208
38,上证金融,2013/3/29,3103.11,-0.0908
38,上证金融,2013/4/26,3096.01,-0.0023
38,上证金融,2013/5/31,3260.74,0.0532
38,上证金融,2013/6/28,2733.29,-0.1618
38,上证金融,2013/7/31,2657.66,-0.0277
38,上证金融,2013/8/30,2816.37,0.0597
38,上证金融,2013/9/30,2934.4,0.0419
38,上证金融,2013/10/31,2900.1,-0.0117
38,上证金融,2013/11/29,2931.07,0.0107
38,上证金融,2013/12/31,2820.49,-0.0377
38,上证金融,2014/1/30,2653.22,-0.0593
38,上证金融,2014/2/28,2603.18,-0.0189
38,上证金融,2014/3/31,2630.13,0.0104
38,上证金融,2014/4/30,2698.5,0.026
38,上证金融,2014/5/30,2686.64,-0.0044
38,上证金融,2014/6/30,2688.54,0.0007
38,上证金融,2014/7/31,2953.16,0.0984
38,上证金融,2014/8/29,2833.65,-0.0405
38,上证金融,2014/9/30,2869.85,0.0128
38,上证金融,2014/10/31,2984.89,0.0401
38,上证金融,2014/11/28,3602,0.2067
38,上证金融,2014/12/31,5132.55,0.4249
38,上证金融,2015/1/30,4595.78,-0.1046
38,上证金融,2015/2/27,4699.94,0.0227
38,上证金融,2015/3/31,5171.47,0.1003
38,上证金融,2015/4/30,5771.49,0.116
38,上证金融,2015/5/29,5419.14,-0.061
38,上证金融,2015/6/30,5260.45,-0.0293
38,上证金融,2015/7/31,4471.93,-0.1499
38,上证金融,2015/8/31,3989.57,-0.1079
38,上证金融,2015/9/30,3945.05,-0.0112
38,上证金融,2015/10/30,4236.25,0.0738
38,上证金融,2015/11/30,4397.25,0.038
38,上证金融,2015/12/31,4634.81,0.054
38,上证金融,2016/1/29,3818.92,-0.176
38,上证金融,2016/2/29,3763.07,-0.0146
38,上证金融,2016/3/31,4162.05,0.106
38,上证金融,2016/4/29,4161.57,-0.0001
38,上证金融,2016/5/31,4214.53,0.0127
38,上证金融,2016/6/30,4125.79,-0.0211
38,上证金融,2016/7/29,4127.18,0.0003
38,上证金融,2016/8/31,4333.42,0.05
38,上证金融,2016/9/30,4246.73,-0.02
38,上证金融,2016/10/31,4300.58,0.0127
38,上证金融,2016/11/30,4504.21,0.0473
38,上证金融,2016/12/30,4273.17,-0.0513
38,上证金融,2017/1/26,4428.44,0.0363
38,上证金融,2017/2/28,4425.67,-0.0006
38,上证金融,2017/3/31,4344.75,-0.0183
38,上证金融,2017/4/28,4294.41,-0.0116
38,上证金融,2017/5/31,4612.12,0.074
38,上证金融,2017/6/30,4753.55,0.0307
38,上证金融,2017/7/31,4967.6,0.045
38,上证金融,2017/8/31,5132.96,0.0333
38,上证金融,2017/9/29,5014.85,-0.023
38,上证金融,2017/10/31,5179.72,0.0329
38,上证金融,2017/11/30,5363.74,0.0355
38,上证金融,2017/12/29,5274.13,-0.0167
39,上证信息,2009/1/23,1362.14,
39,上证信息,2009/2/27,1438.46,0.056
39,上证信息,2009/3/31,1714,0.1915
39,上证信息,2009/4/30,1789.45,0.044
39,上证信息,2009/5/27,1854.79,0.0365
39,上证信息,2009/6/30,1862.4,0.0041
39,上证信息,2009/7/31,2170.22,0.1653
39,上证信息,2009/8/31,1774.01,-0.1826
39,上证信息,2009/9/30,1808.17,0.0193
39,上证信息,2009/10/30,1953.51,0.0804
39,上证信息,2009/11/30,2202.46,0.1274
39,上证信息,2009/12/31,2406.34,0.0926
39,上证信息,2010/1/29,2509.45,0.0428
39,上证信息,2010/2/26,2576.54,0.0267
39,上证信息,2010/3/31,2776.39,0.0776
39,上证信息,2010/4/30,2728.58,-0.0172
39,上证信息,2010/5/31,2470.64,-0.0945
39,上证信息,2010/6/30,2278.16,-0.0779
39,上证信息,2010/7/30,2559.41,0.1235
39,上证信息,2010/8/31,2738.01,0.0698
39,上证信息,2010/9/30,2815.02,0.0281
39,上证信息,2010/10/29,3194.68,0.1349
39,上证信息,2010/11/30,3191.96,-0.0009
39,上证信息,2010/12/31,3061.38,-0.0409
39,上证信息,2011/1/31,2806.63,-0.0832
39,上证信息,2011/2/28,3119.83,0.1116
39,上证信息,2011/3/31,2921.57,-0.0635
39,上证信息,2011/4/29,2710.73,-0.0722
39,上证信息,2011/5/31,2506.48,-0.0753
39,上证信息,2011/6/30,2542.67,0.0144
39,上证信息,2011/7/29,2548.03,0.0021
39,上证信息,2011/8/31,2481.77,-0.026
39,上证信息,2011/9/30,2188.43,-0.1182
39,上证信息,2011/10/31,2231.43,0.0197
39,上证信息,2011/11/30,2163.26,-0.0306
39,上证信息,2011/12/30,1859.83,-0.1403
39,上证信息,2012/1/31,1886.63,0.0144
39,上证信息,2012/2/29,2113.12,0.1201
39,上证信息,2012/3/30,1907.68,-0.0972
39,上证信息,2012/4/27,2044.13,0.0715
39,上证信息,2012/5/31,2062.45,0.009
39,上证信息,2012/6/29,1862.77,-0.0968
39,上证信息,2012/7/31,1656.84,-0.1105
39,上证信息,2012/8/31,1691.34,0.0208
39,上证信息,2012/9/28,1688.29,-0.0018
39,上证信息,2012/10/31,1598.33,-0.0533
39,上证信息,2012/11/30,1409.44,-0.1182
39,上证信息,2012/12/31,1597.55,0.1335
39,上证信息,2013/1/31,1686.69,0.0558
39,上证信息,2013/2/28,1718.45,0.0188
39,上证信息,2013/3/29,1668.26,-0.0292
39,上证信息,2013/4/26,1628.73,-0.0237
39,上证信息,2013/5/31,1980.59,0.216
39,上证信息,2013/6/28,1747.5,-0.1177
39,上证信息,2013/7/31,1983.87,0.1353
39,上证信息,2013/8/30,2139.09,0.0782
39,上证信息,2013/9/30,2396.11,0.1202
39,上证信息,2013/10/31,2250.58,-0.0607
39,上证信息,2013/11/29,2453.51,0.0902
39,上证信息,2013/12/31,2345.09,-0.0442
39,上证信息,2014/1/30,2510.56,0.0706
39,上证信息,2014/2/28,2600.84,0.036
39,上证信息,2014/3/31,2350.04,-0.0964
39,上证信息,2014/4/30,2359.07,0.0038
39,上证信息,2014/5/30,2445.99,0.0368
39,上证信息,2014/6/30,2553.13,0.0438
39,上证信息,2014/7/31,2643.59,0.0354
39,上证信息,2014/8/29,2842.75,0.0753
39,上证信息,2014/9/30,3153,0.1091
39,上证信息,2014/10/31,3108.05,-0.0143
39,上证信息,2014/11/28,3314.46,0.0664
39,上证信息,2014/12/31,3200.74,-0.0343
39,上证信息,2015/1/30,3812.51,0.1911
39,上证信息,2015/2/27,4348.38,0.1406
39,上证信息,2015/3/31,5371.03,0.2352
39,上证信息,2015/4/30,6159.35,0.1468
39,上证信息,2015/5/29,7718.85,0.2532
39,上证信息,2015/6/30,6127.9,-0.2061
39,上证信息,2015/7/31,5099.32,-0.1679
39,上证信息,2015/8/31,4044.22,-0.2069
39,上证信息,2015/9/30,3883.09,-0.0398
39,上证信息,2015/10/30,4752.17,0.2238
39,上证信息,2015/11/30,4982.16,0.0484
39,上证信息,2015/12/31,5120.05,0.0277
39,上证信息,2016/1/29,3669.87,-0.2832
39,上证信息,2016/2/29,3495.62,-0.0475
39,上证信息,2016/3/31,4156.02,0.1889
39,上证信息,2016/4/29,3915.66,-0.0578
39,上证信息,2016/5/31,3945.34,0.0076
39,上证信息,2016/6/30,4104.57,0.0404
39,上证信息,2016/7/29,3995.69,-0.0265
39,上证信息,2016/8/31,4085.65,0.0225
39,上证信息,2016/9/30,3989.89,-0.0234
39,上证信息,2016/10/31,4078.26,0.0221
39,上证信息,2016/11/30,4108.78,0.0075
39,上证信息,2016/12/30,3740.92,-0.0895
39,上证信息,2017/1/26,3653.47,-0.0234
39,上证信息,2017/2/28,3709.64,0.0154
39,上证信息,2017/3/31,3652.28,-0.0155
39,上证信息,2017/4/28,3513.96,-0.0379
39,上证信息,2017/5/31,3261.19,-0.0719
39,上证信息,2017/6/30,3445.89,0.0566
39,上证信息,2017/7/31,3343.33,-0.0298
39,上证信息,2017/8/31,3531.13,0.0562
39,上证信息,2017/9/29,3704.1,0.049
39,上证信息,2017/10/31,3710.31,0.0017
39,上证信息,2017/11/30,3615.11,-0.0257
39,上证信息,2017/12/29,3559.26,-0.0154
40,上证电信,2009/1/23,1538.26,
40,上证电信,2009/2/27,1589.24,0.0331
40,上证电信,2009/3/31,1838.43,0.1568
40,上证电信,2009/4/30,2125.34,0.1561
40,上证电信,2009/5/27,2001.59,-0.0582
40,上证电信,2009/6/30,2169.88,0.0841
40,上证电信,2009/7/31,2562.28,0.1808
40,上证电信,2009/8/31,1971.57,-0.2305
40,上证电信,2009/9/30,2078.36,0.0542
40,上证电信,2009/10/30,2125.99,0.0229
40,上证电信,2009/11/30,2227.95,0.048
40,上证电信,2009/12/31,2458.64,0.1035
40,上证电信,2010/1/29,2457.17,-0.0006
40,上证电信,2010/2/26,2405.64,-0.021
40,上证电信,2010/3/31,2304.18,-0.0422
40,上证电信,2010/4/30,2125.24,-0.0777
40,上证电信,2010/5/31,1847.16,-0.1308
40,上证电信,2010/6/30,1863.65,0.0089
40,上证电信,2010/7/30,2084.02,0.1182
40,上证电信,2010/8/31,2208.49,0.0597
40,上证电信,2010/9/30,2261.26,0.0239
40,上证电信,2010/10/29,2450.17,0.0835
40,上证电信,2010/11/30,2595.33,0.0592
40,上证电信,2010/12/31,2571.45,-0.0092
40,上证电信,2011/1/31,2323.19,-0.0965
40,上证电信,2011/2/28,2607.92,0.1226
40,上证电信,2011/3/31,2412.06,-0.0751
40,上证电信,2011/4/29,2261.17,-0.0626
40,上证电信,2011/5/31,2099.04,-0.0717
40,上证电信,2011/6/30,2098.36,-0.0003
40,上证电信,2011/7/29,2123.89,0.0122
40,上证电信,2011/8/31,2012.47,-0.0525
40,上证电信,2011/9/30,1803.61,-0.1038
40,上证电信,2011/10/31,1892.06,0.049
40,上证电信,2011/11/30,1830.37,-0.0326
40,上证电信,2011/12/30,1573.93,-0.1401
40,上证电信,2012/1/31,1504.14,-0.0443
40,上证电信,2012/2/29,1584.96,0.0537
40,上证电信,2012/3/30,1425.07,-0.1009
40,上证电信,2012/4/27,1511.78,0.0608
40,上证电信,2012/5/31,1474.04,-0.025
40,上证电信,2012/6/29,1312.49,-0.1096
40,上证电信,2012/7/31,1201.03,-0.0849
40,上证电信,2012/8/31,1249.32,0.0402
40,上证电信,2012/9/28,1275.88,0.0213
40,上证电信,2012/10/31,1216.62,-0.0464
40,上证电信,2012/11/30,1040.68,-0.1446
40,上证电信,2012/12/31,1214.52,0.167
40,上证电信,2013/1/31,1308.39,0.0773
40,上证电信,2013/2/28,1347.99,0.0303
40,上证电信,2013/3/29,1393.21,0.0335
40,上证电信,2013/4/26,1469.28,0.0546
40,上证电信,2013/5/31,1673.69,0.1391
40,上证电信,2013/6/28,1478.36,-0.1167
40,上证电信,2013/7/31,1548.47,0.0474
40,上证电信,2013/8/30,1596.08,0.0307
40,上证电信,2013/9/30,1649.65,0.0336
40,上证电信,2013/10/31,1586.79,-0.0381
40,上证电信,2013/11/29,1681.75,0.0598
40,上证电信,2013/12/31,1586.18,-0.0568
40,上证电信,2014/1/30,1656.5,0.0443
40,上证电信,2014/2/28,1789.57,0.0803
40,上证电信,2014/3/31,1699.33,-0.0504
40,上证电信,2014/4/30,1648.39,-0.03
40,上证电信,2014/5/30,1742.26,0.0569
40,上证电信,2014/6/30,1771.44,0.0168
40,上证电信,2014/7/31,1838.51,0.0379
40,上证电信,2014/8/29,1888.14,0.027
40,上证电信,2014/9/30,2144.42,0.1357
40,上证电信,2014/10/31,2121.49,-0.0107
40,上证电信,2014/11/28,2148.6,0.0128
40,上证电信,2014/12/31,2134.69,-0.0065
40,上证电信,2015/1/30,2229.31,0.0443
40,上证电信,2015/2/27,2489.03,0.1165
40,上证电信,2015/3/31,2780.34,0.117
40,上证电信,2015/4/30,3315.52,0.1925
40,上证电信,2015/5/29,4532,0.3669
40,上证电信,2015/6/30,3716.97,-0.1798
40,上证电信,2015/7/31,3120.11,-0.1606
40,上证电信,2015/8/31,2620.03,-0.1603
40,上证电信,2015/9/30,2411.14,-0.0797
40,上证电信,2015/10/30,2953.27,0.2248
40,上证电信,2015/11/30,3123.88,0.0578
40,上证电信,2015/12/31,3329.5,0.0658
40,上证电信,2016/1/29,2240.29,-0.3271
40,上证电信,2016/2/29,2232.39,-0.0035
40,上证电信,2016/3/31,2595.83,0.1628
40,上证电信,2016/4/29,2648.93,0.0205
40,上证电信,2016/5/31,2603.84,-0.017
40,上证电信,2016/6/30,2696.68,0.0357
40,上证电信,2016/7/29,2886.07,0.0702
40,上证电信,2016/8/31,3089.96,0.0706
40,上证电信,2016/9/30,2965.33,-0.0403
40,上证电信,2016/10/31,3074.87,0.0369
40,上证电信,2016/11/30,3272.43,0.0643
40,上证电信,2016/12/30,3075.71,-0.0601
40,上证电信,2017/1/26,3031.62,-0.0143
40,上证电信,2017/2/28,3138.22,0.0352
40,上证电信,2017/3/31,3222.06,0.0267
40,上证电信,2017/4/28,3065.9,-0.0485
40,上证电信,2017/5/31,2938.6,-0.0415
40,上证电信,2017/6/30,3097.41,0.054
40,上证电信,2017/7/31,3079.43,-0.0058
40,上证电信,2017/8/31,3215.01,0.044
40,上证电信,2017/9/29,3589.54,0.1165
40,上证电信,2017/10/31,3551.84,-0.0105
40,上证电信,2017/11/30,3605.95,0.0152
40,上证电信,2017/12/29,3449.33,-0.0434
41,上证公用,2009/1/23,1495.47,
41,上证公用,2009/2/27,1586.48,0.0609
41,上证公用,2009/3/31,1855.83,0.1698
41,上证公用,2009/4/30,1880.28,0.0132
41,上证公用,2009/5/27,1969.57,0.0475
41,上证公用,2009/6/30,2012.99,0.022
41,上证公用,2009/7/31,2361.96,0.1734
41,上证公用,2009/8/31,1852.68,-0.2156
41,上证公用,2009/9/30,1855.54,0.0015
41,上证公用,2009/10/30,2020.54,0.0889
41,上证公用,2009/11/30,2143.61,0.0609
41,上证公用,2009/12/31,2091.3,-0.0244
41,上证公用,2010/1/29,1966.32,-0.0598
41,上证公用,2010/2/26,2045.31,0.0402
41,上证公用,2010/3/31,2061.8,0.0081
41,上证公用,2010/4/30,1953.54,-0.0525
41,上证公用,2010/5/31,1742.98,-0.1078
41,上证公用,2010/6/30,1637.68,-0.0604
41,上证公用,2010/7/30,1769.32,0.0804
41,上证公用,2010/8/31,1757.34,-0.0068
41,上证公用,2010/9/30,1768.3,0.0062
41,上证公用,2010/10/29,1893.56,0.0708
41,上证公用,2010/11/30,1783.77,-0.058
41,上证公用,2010/12/31,1739.46,-0.0248
41,上证公用,2011/1/31,1731,-0.0049
41,上证公用,2011/2/28,1795.69,0.0374
41,上证公用,2011/3/31,1798.87,0.0018
41,上证公用,2011/4/29,1866.91,0.0378
41,上证公用,2011/5/31,1723.85,-0.0766
41,上证公用,2011/6/30,1671.99,-0.0301
41,上证公用,2011/7/29,1615.08,-0.034
41,上证公用,2011/8/31,1520.03,-0.0589
41,上证公用,2011/9/30,1390.38,-0.0853
41,上证公用,2011/10/31,1494.96,0.0752
41,上证公用,2011/11/30,1489.47,-0.0037
41,上证公用,2011/12/30,1440.88,-0.0326
41,上证公用,2012/1/31,1454.66,0.0096
41,上证公用,2012/2/29,1518.36,0.0438
41,上证公用,2012/3/30,1415.64,-0.0676
41,上证公用,2012/4/27,1481.13,0.0463
41,上证公用,2012/5/31,1495.5,0.0097
41,上证公用,2012/6/29,1517.89,0.015
41,上证公用,2012/7/31,1439.49,-0.0516
41,上证公用,2012/8/31,1401.05,-0.0267
41,上证公用,2012/9/28,1369.63,-0.0224
41,上证公用,2012/10/31,1381.36,0.0086
41,上证公用,2012/11/30,1349.31,-0.0232
41,上证公用,2012/12/31,1490.1,0.1043
41,上证公用,2013/1/31,1551.71,0.0413
41,上证公用,2013/2/28,1564.95,0.0085
41,上证公用,2013/3/29,1618.53,0.0342
41,上证公用,2013/4/26,1541.38,-0.0477
41,上证公用,2013/5/31,1647.76,0.069
41,上证公用,2013/6/28,1423.39,-0.1362
41,上证公用,2013/7/31,1421.47,-0.0014
41,上证公用,2013/8/30,1464.77,0.0305
41,上证公用,2013/9/30,1482.61,0.0122
41,上证公用,2013/10/31,1550.74,0.046
41,上证公用,2013/11/29,1547.07,-0.0024
41,上证公用,2013/12/31,1472.7,-0.0481
41,上证公用,2014/1/30,1431.11,-0.0282
41,上证公用,2014/2/28,1453.28,0.0155
41,上证公用,2014/3/31,1439.51,-0.0095
41,上证公用,2014/4/30,1443.94,0.0031
41,上证公用,2014/5/30,1466.04,0.0153
41,上证公用,2014/6/30,1460.03,-0.0041
41,上证公用,2014/7/31,1550.81,0.0622
41,上证公用,2014/8/29,1623.91,0.0471
41,上证公用,2014/9/30,1808.52,0.1137
41,上证公用,2014/10/31,1870.18,0.0341
41,上证公用,2014/11/28,1973.15,0.0551
41,上证公用,2014/12/31,2548.91,0.2918
41,上证公用,2015/1/30,2435.43,-0.0445
41,上证公用,2015/2/27,2457.05,0.0089
41,上证公用,2015/3/31,2734.57,0.113
41,上证公用,2015/4/30,3426.71,0.2531
41,上证公用,2015/5/29,3644.58,0.0636
41,上证公用,2015/6/30,3737.53,0.0255
41,上证公用,2015/7/31,3107.75,-0.1685
41,上证公用,2015/8/31,2863,-0.0788
41,上证公用,2015/9/30,2564.85,-0.1041
41,上证公用,2015/10/30,2776.89,0.0827
41,上证公用,2015/11/30,2723.39,-0.0193
41,上证公用,2015/12/31,2707.9,-0.0057
41,上证公用,2016/1/29,2059.04,-0.2396
41,上证公用,2016/2/29,2020.34,-0.0188
41,上证公用,2016/3/31,2226.04,0.1018
41,上证公用,2016/4/29,2146.58,-0.0357
41,上证公用,2016/5/31,2112.64,-0.0158
41,上证公用,2016/6/30,2093.3,-0.0092
41,上证公用,2016/7/29,2149.85,0.027
41,上证公用,2016/8/31,2191.08,0.0192
41,上证公用,2016/9/30,2130.1,-0.0278
41,上证公用,2016/10/31,2187.59,0.027
41,上证公用,2016/11/30,2270.26,0.0378
41,上证公用,2016/12/30,2152.88,-0.0517
41,上证公用,2017/1/26,2178.08,0.0117
41,上证公用,2017/2/28,2238.23,0.0276
41,上证公用,2017/3/31,2231.15,-0.0032
41,上证公用,2017/4/28,2286.03,0.0246
41,上证公用,2017/5/31,2264.14,-0.0096
41,上证公用,2017/6/30,2279.06,0.0066
41,上证公用,2017/7/31,2253.92,-0.011
41,上证公用,2017/8/31,2232.34,-0.0096
41,上证公用,2017/9/29,2180.07,-0.0234
41,上证公用,2017/10/31,2192.22,0.0056
41,上证公用,2017/11/30,2140.03,-0.0238
41,上证公用,2017/12/29,2087.28,-0.0246
