date,mkt,ten_return
2010/01/05 0:00,0.00565,-0.0062
2010/01/06 0:00,-0.00205,0.0318
2010/01/07 0:00,-0.01975,0.0154
2010/01/08 0:00,0.00625,-0.0318
2010/01/11 0:00,0.00165,0.0215
2010/01/12 0:00,0.019849,-0.0185
2010/01/13 0:00,-0.016351,-0.1744
2010/01/14 0:00,0.021649,0.0113
2010/01/15 0:00,0.006349,0.0575
2010/01/18 0:00,0.011649,0.0298
2010/01/19 0:00,-0.002951,0.0544
2010/01/20 0:00,-0.038151,0.1528
2010/01/21 0:00,0.002048,0.0696
2010/01/22 0:00,-0.028452,0.0686
2010/01/25 0:00,-0.011752,0.1483
2010/01/26 0:00,-0.032252,0.0552
2010/01/27 0:00,-0.008052,0.1092
2010/01/28 0:00,0.008848,0.0714
2010/01/29 0:00,0.006148,0.1213
2010/02/01 0:00,-0.016152,0.4264
2010/02/02 0:00,-0.006052,0.0486
2010/02/03 0:00,0.018648,0.2765
2010/02/04 0:00,0.002948,-0.0646
2010/02/05 0:00,-0.020952,0.0657
2010/02/08 0:00,0.002148,0.303
2010/02/09 0:00,0.001248,0.0574
2010/02/10 0:00,0.015547,-0.1117
2010/02/11 0:00,0.000947,0.0171
2010/02/12 0:00,0.012047,0.1481
2010/02/22 0:00,-0.000953,-0.1026
2010/02/23 0:00,-0.001253,0.0514
2010/02/24 0:00,0.023147,0.1037
2010/02/25 0:00,0.017747,0.1036
2010/02/26 0:00,-0.001453,0.2953
2010/03/02 0:00,-0.000853,0.1956
2010/03/03 0:00,0.008647,0.1175
2010/03/04 0:00,-0.030453,-0.2418
2010/03/05 0:00,0.002347,-0.1157
2010/03/08 0:00,0.009647,0.1857
2010/03/09 0:00,0.003747,-0.0149
2010/03/10 0:00,-0.010353,-0.0857
2010/03/11 0:00,-0.000953,-0.2434
2010/03/12 0:00,-0.014353,-0.046
2010/03/15 0:00,-0.011053,0.011
2010/03/16 0:00,0.006347,0.102
2010/03/17 0:00,0.025347,0.2738
2010/03/18 0:00,0.001547,0.1953
2010/03/19 0:00,0.007947,0.0607
2010/03/22 0:00,0.004647,-0.1084
2010/03/23 0:00,-0.004053,-0.0309
2010/03/24 0:00,0.005447,-0.005
2010/03/25 0:00,-0.010553,-0.001
2010/03/26 0:00,0.009247,-0.0727
2010/03/29 0:00,0.012947,-0.1534
2010/03/30 0:00,0.006847,-0.0798
2010/03/31 0:00,0.002647,-0.1158
2010/04/01 0:00,0.014647,-0.019
2010/04/02 0:00,0.004847,0.019
2010/04/06 0:00,0.002747,-0.051
2010/04/07 0:00,0.003347,-0.2251
2010/04/08 0:00,-0.007353,-0.0983
2010/04/09 0:00,0.014947,-0.0692
2010/04/12 0:00,0.002547,0.0271
2010/04/13 0:00,-0.012453,0.1335
2010/04/14 0:00,0.006147,0.0852
2010/04/15 0:00,-0.013653,-0.023
2010/04/16 0:00,-0.002053,0.0551
2010/04/19 0:00,-0.044953,0.3165
2010/04/20 0:00,0.003247,0.2665
2010/04/21 0:00,0.028547,0.0398
2010/04/22 0:00,0.001747,0.006
2010/04/23 0:00,-0.007453,0.1702
2010/04/26 0:00,-0.006053,0.1679
2010/04/27 0:00,-0.025853,0.0704
2010/04/28 0:00,-0.006653,0.2547
2010/04/29 0:00,-0.026853,0.0287
2010/04/30 0:00,-0.018153,0.004
2010/05/04 0:00,-0.007353,-0.0909
2010/05/05 0:00,0.023047,0.0228
2010/05/06 0:00,-0.037553,0.0633
2010/05/07 0:00,-0.022853,0.3756
2010/05/10 0:00,-0.015453,0.0364
2010/05/11 0:00,-0.026553,-0.0866
2010/05/12 0:00,-0.013553,0.1034
2010/05/13 0:00,0.026447,0.0807
2010/05/14 0:00,0.001547,0.056
2010/05/17 0:00,-0.061153,0.1808
2010/05/18 0:00,0.016947,0.2541
2010/05/19 0:00,0.004747,0.1654
2010/05/20 0:00,-0.014053,0.0801
2010/05/21 0:00,0.027446,-0.082
2010/05/24 0:00,0.045446,-0.1592
2010/05/25 0:00,-0.011655,-0.0773
2010/05/26 0:00,-0.001356,0.0783
2010/05/27 0:00,0.020743,-0.045
2010/05/28 0:00,0.002143,-0.0078
2010/05/31 0:00,-0.028058,-0.0783
2010/06/01 0:00,-0.01706,-0.0186
2010/06/02 0:00,0.014739,-0.0559
2010/06/03 0:00,-0.007362,0.05
2010/06/04 0:00,0.010038,0.0588
2010/06/07 0:00,-0.001162,0.1146
2010/06/08 0:00,0.007438,-0.0029
2010/06/09 0:00,0.025438,-0.1076
2010/06/10 0:00,0.002737,-0.1195
2010/06/11 0:00,-0.002163,-0.0559
2010/06/18 0:00,-0.038666,-0.4152
2010/06/21 0:00,0.029833,-0.1695
2010/06/22 0:00,0.005931,0.2271
2010/06/23 0:00,-0.00247,-0.1064
2010/06/24 0:00,0.001829,0.0828
2010/06/25 0:00,-0.018772,0.0049
2010/06/28 0:00,-0.015972,0.2385
2010/06/29 0:00,-0.056572,0.3893
2010/09/02 0:00,0.018731,-0.0106
2010/09/03 0:00,0.005331,-0.001
2010/09/06 0:00,-0.000469,-0.0174
2010/09/07 0:00,0.007131,-0.087
2010/09/08 0:00,0.007731,-0.0058
2010/09/09 0:00,-0.01417,-0.001
2010/09/10 0:00,0.00693,-0.2302
2010/09/13 0:00,0.01563,-0.0901
2010/09/14 0:00,0.00113,-0.0495
2010/09/15 0:00,-0.02257,-0.0951
2010/09/16 0:00,-0.02207,-0.104
2010/09/17 0:00,0.00013,-0.105
2010/09/20 0:00,-0.01197,0.1256
2010/09/21 0:00,-0.00017,-0.0924
2010/09/27 0:00,0.023229,0.0633
2010/09/28 0:00,-0.006571,-0.0564
2010/09/29 0:00,-0.012171,0.0292
2010/10/08 0:00,0.028828,0.2248
2010/10/11 0:00,0.008428,-0.472
2010/10/12 0:00,0.007028,-0.0732
2010/10/13 0:00,0.007428,0
2010/10/14 0:00,-0.019272,0.0615
2010/10/15 0:00,0.004727,-0.0273
2010/10/18 0:00,-0.013973,-0.0078
2010/10/19 0:00,0.030427,0.082
2010/10/20 0:00,0.007225,-0.9978
2010/10/21 0:00,0.006724,-0.7734
2010/10/22 0:00,0.011524,0.0894
2010/10/25 0:00,0.030523,0.0288
2010/10/26 0:00,0.001523,-0.1319
2010/10/27 0:00,-0.010477,-0.1102
2010/10/28 0:00,0.002823,0.002
2010/10/29 0:00,0.008622,-0.0646
2010/11/01 0:00,0.029722,-0.0537
2010/11/02 0:00,-0.006578,-0.0995
2010/11/03 0:00,-0.018778,-0.264
2010/11/04 0:00,0.020622,-0.2537
2010/11/05 0:00,0.012722,-0.008
2010/11/08 0:00,0.019022,-0.0411
2010/11/09 0:00,0.003322,-0.2184
2010/11/10 0:00,0.006622,-0.5934
2010/11/11 0:00,-0.006079,-0.603
2010/11/12 0:00,-0.063379,0.0976
2010/11/15 0:00,0.024721,0.0132
2010/11/16 0:00,-0.036279,0.0629
2010/11/17 0:00,-0.034479,-0.0284
2010/11/18 0:00,0.017821,0.5662
2010/11/19 0:00,0.030421,0.0585
2010/11/22 0:00,0.01242,-0.4074
2010/11/23 0:00,-0.010581,-0.3595
2010/11/24 0:00,0.026417,0.1321
2010/11/25 0:00,0.003216,-0.0609
2010/11/26 0:00,-0.003886,-0.1726
2010/11/29 0:00,0.004813,0.0448
2010/11/30 0:00,-0.024389,0.0783
2010/12/01 0:00,-0.00309,0.2713
2010/12/02 0:00,0.004809,0.3628
2010/12/03 0:00,-0.007192,0.1535
2010/12/06 0:00,-0.012192,0.1028
2010/12/07 0:00,0.017607,0.0715
2010/12/08 0:00,-0.003594,-0.0262
2010/12/09 0:00,-0.019597,-0.2979
2010/12/10 0:00,0.014,0.1373
2010/12/13 0:00,0.0323,0.124
2010/12/14 0:00,0.009198,-0.0413
2010/12/15 0:00,-0.004505,0.1249
2010/12/16 0:00,0.001194,0.1227
2010/12/17 0:00,0.001494,0.1769
2010/12/20 0:00,-0.012907,0.0602
2010/12/21 0:00,0.013192,0.0722
2010/12/22 0:00,-0.008613,-0.0761
2010/12/24 0:00,-0.018619,0.0351
2010/12/27 0:00,-0.025725,-0.5878
2010/12/28 0:00,-0.019226,0.005
2010/12/29 0:00,0.015473,-0.0272
2010/12/30 0:00,0.004373,0.0595
2010/12/31 0:00,0.023973,0.2259
2011/01/04 0:00,0.016375,0.317
2011/01/05 0:00,-0.001124,0.1515
2011/01/06 0:00,-0.006722,0.017
2011/01/07 0:00,-0.008021,-0.0751
2011/01/10 0:00,-0.026319,0.1473
2011/01/11 0:00,-0.006317,-0.1341
2011/01/12 0:00,0.004185,0.014
2011/01/13 0:00,-0.000114,-0.0902
2011/01/14 0:00,-0.020613,-0.2427
2011/01/17 0:00,-0.043913,0.0372
2011/01/18 0:00,0.002486,-0.4934
2011/01/19 0:00,0.024081,0.0263
2011/01/20 0:00,-0.035328,-0.0707
2011/01/21 0:00,0.006465,0.1182
2011/01/24 0:00,-0.024938,-0.2493
2011/01/25 0:00,-0.012044,-0.1214
2011/01/26 0:00,0.016351,0.1003
2011/01/27 0:00,0.018148,0.001
2011/01/28 0:00,0.009546,0.0172
2011/01/31 0:00,0.010343,0.004
2011/02/01 0:00,0.000245,0.0941
2011/02/09 0:00,-0.010357,-0.7884
2011/02/10 0:00,0.029746,0.1335
2011/02/11 0:00,0.011451,0.2198
2011/02/14 0:00,0.023163,0.4436
2011/02/15 0:00,-0.000632,-0.1011
2011/02/16 0:00,0.017969,0.1599
2011/02/17 0:00,0.002671,-0.1091
2011/02/18 0:00,-0.010729,0.0435
2011/02/21 0:00,0.019966,-0.1284
2011/02/22 0:00,-0.028235,0.084
2011/02/23 0:00,0.009065,0.449
2011/02/24 0:00,0.004465,0.2215
2011/02/25 0:00,0.000465,-0.0512
2011/02/28 0:00,0.012765,0.1116
2011/03/01 0:00,0.002268,0.1034
2011/03/02 0:00,-0.004628,0.1605
2011/03/03 0:00,-0.017024,-0.0721
2011/03/04 0:00,0.011478,-0.017
2011/03/07 0:00,0.013879,0
2011/03/08 0:00,0.003182,0.1664
2011/03/09 0:00,0.002784,0.1311
2011/03/10 0:00,-0.007115,-0.0899
2011/03/11 0:00,-0.002415,-0.11
2011/03/14 0:00,0.009085,0.2493
2011/03/15 0:00,-0.013615,0.5123
2011/03/16 0:00,0.011584,-0.151
2011/03/17 0:00,-0.018716,0.0886
2011/03/18 0:00,0.006484,-0.0646
2011/03/21 0:00,-0.006117,-0.2368
2011/03/22 0:00,-0.000717,0.0409
2011/03/23 0:00,0.012083,-0.0229
2011/03/24 0:00,-0.000716,0.2323
2011/03/25 0:00,0.006984,0.0209
2011/03/28 0:00,-0.007215,-0.1372
2011/03/29 0:00,-0.019614,-0.1554
2011/03/30 0:00,-0.008914,0.003
2011/03/31 0:00,-0.009414,0.011
2011/04/01 0:00,0.010386,0.0289
2011/04/06 0:00,-0.003516,-0.016
2011/04/07 0:00,0.007284,0.0538
2011/04/08 0:00,0.012583,0.1326
2011/04/11 0:00,-0.008816,0.0727
2011/04/12 0:00,-0.003016,0.1382
2011/04/13 0:00,0.011884,0.1569
2011/04/14 0:00,-0.003216,-0.0863
2011/04/15 0:00,-0.001616,0.0466
2011/04/18 0:00,0.000183,-0.0774
2011/04/19 0:00,-0.010617,0.0457
2011/04/20 0:00,0.003782,-0.1121
2011/04/21 0:00,0.006681,0.0248
2011/04/22 0:00,-0.00672,0
2011/04/25 0:00,-0.020823,0.0159
2011/04/26 0:00,-0.014224,0.0248
2011/04/27 0:00,-0.012824,0.0874
2011/04/28 0:00,-0.029324,0.0546
2011/04/29 0:00,0.014776,-0.0585
2011/05/03 0:00,0.011276,0.243
2011/05/04 0:00,-0.022924,0.0059
2011/05/05 0:00,0.002976,0.0208
2011/05/06 0:00,0.003876,0.2157
2011/05/13 0:00,0.005676,0.0158
2011/05/16 0:00,-0.002624,-0.0109
2011/05/17 0:00,-0.001725,0.0148
2011/05/18 0:00,0.004875,0.0118
2011/05/19 0:00,-0.004825,0.003
2011/05/20 0:00,-0.004125,-0.0089
2011/05/23 0:00,-0.037425,0.0552
2011/05/24 0:00,0.001174,0.0444
2011/05/26 0:00,-0.010327,0.0148
2011/05/27 0:00,-0.020327,0.1163
2011/05/30 0:00,-0.010426,-0.0049
2011/05/31 0:00,0.019774,-0.0876
2011/06/01 0:00,0.009674,0.1232
2011/06/02 0:00,-0.014826,-0.2263
2011/06/03 0:00,0.017074,0.0276
2011/06/07 0:00,0.007574,0.0237
2011/06/08 0:00,0.003372,-0.0384
2011/06/09 0:00,-0.02143,-0.3994
2011/06/10 0:00,0.000569,0.0614
2011/06/13 0:00,-0.002334,0.0079
2011/06/14 0:00,0.015765,-0.2978
2011/06/15 0:00,-0.009645,-0.5756
2011/06/16 0:00,-0.019553,0.0569
2011/06/17 0:00,-0.011455,0.3611
2011/06/20 0:00,-0.011557,0.1143
2011/06/21 0:00,0.01494,0.3435
2011/06/22 0:00,-0.000666,-0.4532
2011/06/23 0:00,0.021525,-0.0268
2011/06/24 0:00,0.023725,0.5309
2011/06/27 0:00,0.010924,0.1058
2011/06/28 0:00,0.002823,-0.079
2011/06/29 0:00,-0.011277,-0.0089
2011/06/30 0:00,0.014625,-0.0475
2011/07/01 0:00,0.005925,0.1335
2011/07/04 0:00,0.024126,0.1018
2011/07/05 0:00,0.006126,-0.0276
2011/07/06 0:00,0.003926,-0.0444
2011/07/07 0:00,0.001327,0.0356
2011/07/08 0:00,-0.000673,0.001
2011/07/11 0:00,0.007429,-0.1896
2011/07/12 0:00,-0.01507,0.1454
2011/07/13 0:00,0.018633,-0.0435
2011/07/14 0:00,0.007333,-0.0791
2011/07/15 0:00,0.007435,-0.0079
2011/07/18 0:00,-0.000364,-0.1286
2011/07/19 0:00,-0.013264,-0.4743
2011/07/20 0:00,0.001736,-0.5383
2011/07/21 0:00,-0.011563,-0.2371
2011/07/22 0:00,0.004336,0.4332
2011/07/25 0:00,-0.038465,-0.0679
2011/07/26 0:00,0.004735,-0.001
2011/07/27 0:00,0.016935,-0.3447
2011/07/28 0:00,-0.001564,0.0792
2011/07/29 0:00,-0.009064,0.4558
2011/08/01 0:00,0.004336,-0.0339
2011/08/02 0:00,-0.003662,-0.1107
2011/08/03 0:00,0.004139,-0.5153
2011/08/04 0:00,0.00214,0.249
2011/08/05 0:00,-0.019859,0.4596
2011/08/08 0:00,-0.045557,0.3309
2011/08/09 0:00,-0.001456,0.3249
2011/08/10 0:00,0.014045,-0.1951
2011/08/11 0:00,0.018147,0.3721
2011/08/12 0:00,0.010249,-0.0267
2011/08/15 0:00,0.01445,0.0811
2011/08/16 0:00,-0.00745,-0.0207
2011/08/18 0:00,-0.018649,-0.1651
2011/08/19 0:00,-0.008249,0.1971
2011/08/22 0:00,-0.008649,0.0247
2011/08/23 0:00,0.018151,0.0168
2011/08/24 0:00,0.000452,-0.0425
2011/08/25 0:00,0.019552,-0.2461
2011/08/26 0:00,0.002953,-0.0436
2011/08/29 0:00,-0.00945,-0.8167
2011/08/30 0:00,-0.010151,-0.2698
2011/08/31 0:00,-0.004852,0.0782
2011/09/01 0:00,-0.006153,0.2293
2011/09/05 0:00,-0.025354,0.1475
2011/09/06 0:00,-0.011454,0.3075
2011/09/07 0:00,0.024445,-0.2441
2011/09/08 0:00,-0.010155,-0.0885
2011/09/09 0:00,-0.006255,0.1314
2011/09/13 0:00,-0.016054,0.2804
2011/09/14 0:00,0.010046,-0.0188
2011/09/15 0:00,0.002246,-0.3064
2011/09/16 0:00,0.000046,-0.0189
2011/09/19 0:00,-0.021354,-0.1154
2011/09/20 0:00,0.004046,0.0169
2011/09/21 0:00,0.029245,-0.0627
2011/09/22 0:00,-0.029354,0.3328
2011/09/23 0:00,-0.009654,0.8224
2011/09/26 0:00,-0.016854,0.6846
2011/09/27 0:00,0.003846,-0.4559
2011/09/28 0:00,-0.015554,0.002
2011/09/29 0:00,-0.026055,0.3057
2011/09/30 0:00,-0.001955,0.3361
2011/10/10 0:00,-0.006955,0.7686
2011/10/11 0:00,-0.005955,0.4642
2011/10/12 0:00,0.035946,-0.7245
2011/10/13 0:00,0.012446,-0.0107
2011/10/14 0:00,-0.004254,0.4004
2011/10/17 0:00,0.005045,-0.1316
2011/10/18 0:00,-0.030554,0.4381
2011/10/19 0:00,-0.006754,-0.0135
2011/10/20 0:00,-0.030054,0.0019
2011/10/21 0:00,-0.016854,-0.111
2011/10/24 0:00,0.018846,-0.1556
2011/10/25 0:00,0.027046,-0.3687
2011/10/26 0:00,0.009746,0.1389
2011/10/27 0:00,0.000345,0.0068
2011/10/28 0:00,0.022345,0.1193
2011/10/31 0:00,0.004744,-0.0765
2011/11/01 0:00,0.000542,0.5613
2011/11/02 0:00,0.018144,0.0482
2011/11/03 0:00,0.004144,0.0289
2011/11/04 0:00,0.006244,0.0356
2011/11/07 0:00,-0.006057,-0.0751
2011/11/08 0:00,-0.010356,0.2409
2011/11/09 0:00,0.015944,0.498
2011/11/10 0:00,-0.012056,0.5548
2011/11/11 0:00,-0.001955,-0.2055
2011/11/14 0:00,0.025745,0.0753
2011/11/15 0:00,0.003645,-0.5182
2011/11/16 0:00,-0.026955,0.0488
2011/11/17 0:00,0.001145,0.0775
2011/11/18 0:00,-0.028255,0.0077
2011/11/21 0:00,-0.000255,-0.0182
2011/11/22 0:00,-0.000555,0.1062
2011/11/23 0:00,-0.004255,0.3134
2011/11/24 0:00,-0.000355,-0.0771
2011/11/25 0:00,-0.007555,-0.0124
2011/11/28 0:00,0.000745,-0.1649
2011/11/29 0:00,0.014845,0.0296
2011/11/30 0:00,-0.041755,0.1556
2011/12/01 0:00,0.020846,0.8749
2011/12/02 0:00,-0.019952,0.1096
2011/12/05 0:00,-0.030952,0.3029
2011/12/07 0:00,0.00315,-0.0659
2011/12/08 0:00,0.00125,-0.1404
2011/12/09 0:00,-0.00985,0.0679
2011/12/12 0:00,-0.01295,-0.0292
2011/12/13 0:00,-0.030849,0.0189
2011/12/14 0:00,-0.016849,-0.0066
2011/12/15 0:00,-0.023449,0.017
2011/12/16 0:00,0.028051,0.1782
2011/12/19 0:00,0.002351,0.0254
2011/12/20 0:00,-0.004449,-0.0056
2011/12/21 0:00,-0.024149,0.0085
2011/12/22 0:00,-0.010449,-0.0358
2011/12/23 0:00,0.00665,0.0198
2011/12/26 0:00,-0.01025,0.0292
2011/12/27 0:00,-0.02715,0.127
2011/12/28 0:00,-0.00535,0.0273
2011/12/29 0:00,0.00125,0.1052
2011/12/30 0:00,0.01895,0.1924
2012/01/04 0:00,-0.02775,-0.0459
2012/01/05 0:00,-0.03665,-0.0272
2012/01/06 0:00,0.00465,0.3065
2012/01/09 0:00,0.03835,0.0897
2012/01/20 0:00,0.016149,0.0261
2012/01/30 0:00,-0.00755,0.0252
2012/01/31 0:00,0.00005,-0.1211
2012/02/01 0:00,-0.00685,-0.2621
2012/02/02 0:00,0.019451,-0.043
2012/02/03 0:00,0.015051,-0.0094
2012/02/06 0:00,0.007851,-0.2536
2012/02/07 0:00,-0.017847,-0.0122
2012/02/08 0:00,0.028453,-0.1267
2012/02/10 0:00,0.005154,0.1291
2012/02/13 0:00,0.009755,0.1402
2012/02/14 0:00,-0.000245,-0.0254
2012/02/15 0:00,0.015155,-0.0348
2012/02/16 0:00,-0.003045,-0.0968
2012/02/17 0:00,-0.002845,0.0122
2012/02/20 0:00,0.002154,0.1534
2012/02/21 0:00,0.011655,-0.0451
2012/02/22 0:00,0.021955,0.0132
2012/02/23 0:00,0.004555,0.0179
2012/02/24 0:00,0.014455,0.0479
2012/02/27 0:00,0.002955,-0.2047
2012/02/28 0:00,-0.006645,0.0151
2012/02/29 0:00,-0.013345,0.1524
2012/03/01 0:00,0.003956,-0.0611
2012/03/02 0:00,0.021156,-0.1692
2012/03/05 0:00,0.000256,0.0443
2012/03/06 0:00,-0.009943,0.0367
2012/03/07 0:00,-0.005142,0.1289
2012/03/08 0:00,0.013559,0.0911
2012/03/09 0:00,0.01656,0.0253
2012/03/12 0:00,0.003761,0.0338
2012/03/13 0:00,0.011061,-0.0253
2012/03/14 0:00,-0.041938,-0.0544
2012/03/15 0:00,-0.008538,-0.0986
2012/03/16 0:00,0.022863,0.0122
2012/03/19 0:00,0.011164,0.0489
2012/03/20 0:00,-0.022836,-0.0319
2012/03/21 0:00,-0.000436,0.0395
2012/03/22 0:00,-0.002136,0.0254
2012/03/23 0:00,-0.018136,0.2103
2012/03/26 0:00,-0.000135,0.0365
2012/03/27 0:00,-0.005336,-0.0375
2012/03/28 0:00,-0.041935,0.0141
2012/03/29 0:00,-0.016835,0.2136
2012/03/30 0:00,-0.004034,0.0374
2012/04/05 0:00,0.031666,-0.0869
2012/04/06 0:00,0.006766,-0.0851
2012/04/09 0:00,-0.010933,-0.0262
2012/04/10 0:00,0.009767,-0.0047
2012/04/11 0:00,0.003367,-0.0234
2012/04/12 0:00,0.019967,-0.0478
2012/04/13 0:00,0.005767,0.1003
2012/04/16 0:00,-0.002032,0.0449
2012/04/17 0:00,-0.013832,0.0206
2012/04/18 0:00,0.021969,-0.0618
2012/04/19 0:00,-0.002531,-0.0075
2012/04/20 0:00,0.008469,0.0412
2012/04/23 0:00,-0.01913,0.0496
2012/04/24 0:00,-0.00923,0.0543
2012/04/25 0:00,0.008871,-0.0262
2012/04/26 0:00,-0.001929,0.0084
2012/04/27 0:00,-0.003229,0.0131
2012/05/02 0:00,0.017571,0.0421
2012/05/03 0:00,0.006171,0.0065
2012/05/04 0:00,0.010972,-0.0075
2012/05/07 0:00,0.009772,0.0598
2012/05/08 0:00,-0.001628,0.0308
2012/05/09 0:00,-0.018127,0.1074
2012/05/10 0:00,0.003773,0.0998
2012/05/11 0:00,-0.006827,0.2982
2012/05/14 0:00,-0.004725,0.1951
2012/05/15 0:00,-0.000624,0.1326
2012/05/16 0:00,-0.014623,0.7445
2012/05/17 0:00,0.014478,-0.444
2012/05/18 0:00,-0.015921,0.0979
2012/05/21 0:00,0.000579,0.0775
2012/05/22 0:00,0.01518,-0.1493
2012/05/24 0:00,-0.009718,0.143
2012/05/25 0:00,-0.012517,0.3684
2012/05/28 0:00,0.014684,-0.1248
2012/05/29 0:00,0.015484,-0.1764
2012/05/30 0:00,0.001284,0.0092
2012/05/31 0:00,0.003285,0.5513
2012/06/01 0:00,-0.000815,-0.2197
2012/06/04 0:00,-0.029415,-0.1339
2012/06/05 0:00,-0.002315,-0.0615
2012/06/06 0:00,-0.002014,0.011
2012/06/07 0:00,-0.004114,-0.0542
2012/06/08 0:00,-0.003713,0.4441
2012/06/11 0:00,0.018288,-0.3213
2012/06/12 0:00,-0.003812,0.0184
2012/06/13 0:00,0.018289,-0.0735
2012/06/14 0:00,-0.005611,-0.0386
2012/06/15 0:00,0.000189,0.0423
2012/06/18 0:00,0.010989,-0.1507
2012/06/19 0:00,-0.00731,0.0644
2012/06/20 0:00,-0.002011,-0.0092
2012/06/21 0:00,-0.014211,0.1922
2012/06/25 0:00,-0.026212,0.1368
2012/06/26 0:00,-0.001313,0.0678
2012/06/27 0:00,-0.000013,0.1255
2012/06/28 0:00,-0.010412,0.0421
2012/06/29 0:00,0.013688,0.1482
2012/07/02 0:00,0.012088,-0.0511
2012/07/03 0:00,0.003989,-0.0082
2012/07/04 0:00,-0.005311,0.0091
2012/07/05 0:00,-0.019211,-0.0055
2012/07/06 0:00,0.02289,0.3335
2012/07/09 0:00,-0.022609,0.2941
2012/07/10 0:00,-0.009508,0.0663
2012/07/11 0:00,0.008593,0.0209
2012/07/12 0:00,0.016294,0.0109
2012/07/13 0:00,-0.006305,-0.1823
2012/07/16 0:00,-0.037104,-0.0945
2012/07/17 0:00,0.004696,-0.0282
2012/07/18 0:00,0.002796,0.1128
2012/07/19 0:00,0.007996,-0.1254
2012/07/20 0:00,-0.008504,0.0237
2012/07/23 0:00,-0.010603,0.0619
2012/07/24 0:00,0.008297,0.0527
2012/07/25 0:00,-0.006703,-0.0436
2012/07/26 0:00,-0.007903,0.0891
2012/07/27 0:00,-0.005503,-0.0799
2012/07/30 0:00,-0.016503,0.0645
2012/07/31 0:00,-0.014202,-0.1799
2012/08/01 0:00,0.015098,0.1329
2012/08/02 0:00,-0.009002,-0.0418
2012/08/03 0:00,0.019499,0.0409
2012/08/06 0:00,0.022699,0.0591
2012/08/07 0:00,0.008,-0.0936
2012/08/08 0:00,-0.003,-0.1727
2012/08/09 0:00,0.015801,0.0246
2012/08/10 0:00,-0.003798,0.122
2012/08/13 0:00,-0.021098,-0.0036
2012/08/14 0:00,0.006702,0.0591
2012/08/15 0:00,-0.008098,-0.0473
2012/08/16 0:00,-0.008299,-0.0873
2012/08/17 0:00,-0.003699,-0.1001
2012/08/20 0:00,0.002401,-0.0446
2012/08/21 0:00,0.0137,-0.1367
2012/08/22 0:00,-0.0077,-0.1835
2012/08/23 0:00,0.005,-0.0256
2012/08/24 0:00,-0.0203,0.3969
2012/08/27 0:00,-0.022599,-0.0911
2012/08/28 0:00,0.0043,0.1587
2012/08/29 0:00,-0.0058,-0.2403
2012/08/30 0:00,-0.018099,0.2391
2012/08/31 0:00,0.0028,-0.1384
2012/09/03 0:00,0.0196,0.2197
2012/09/04 0:00,-0.0095,-0.3429
2012/09/05 0:00,0.0048,0.0383
2012/09/06 0:00,0.0099,-0.0228
2012/09/07 0:00,0.0384,-0.178
2012/09/10 0:00,0.0095,-0.2085
2012/09/11 0:00,-0.0037,0.1365
2012/09/12 0:00,0.0053,-0.2397
2012/09/13 0:00,-0.0147,-0.1504
2012/09/14 0:00,0.0012,-0.2471
2012/09/17 0:00,-0.0295,-0.1206
2012/09/18 0:00,-0.0057,0.2609
2012/09/19 0:00,0.0075,-0.0846
2012/09/20 0:00,-0.0304,0.3985
2012/09/21 0:00,-0.007601,-0.1861
2012/09/24 0:00,0.007899,0.2406
2012/09/25 0:00,-0.006301,0.0815
2012/09/26 0:00,-0.023301,0.2252
2012/09/27 0:00,0.026599,-0.1352
2012/09/28 0:00,0.019099,-0.0777
2012/10/08 0:00,-0.005701,-0.086
2012/10/09 0:00,0.027099,0.0165
2012/10/10 0:00,0.009699,0.0092
2012/10/11 0:00,-0.015401,-0.0531
2012/10/12 0:00,-0.002001,0.11
2012/10/15 0:00,-0.007501,-0.0137
2012/10/16 0:00,0.003099,-0.1538
2012/10/17 0:00,0.001699,-0.0834
2012/10/18 0:00,0.017799,0.134
2012/10/19 0:00,-0.001502,-0.0971
2012/10/22 0:00,0.005399,-0.111
2012/10/23 0:00,-0.014001,-0.0193
2012/10/24 0:00,-0.004301,-0.0165
2012/10/25 0:00,-0.010102,-0.0469
2012/10/26 0:00,-0.020902,0.0983
2012/10/29 0:00,-0.001402,-0.0927
2012/10/30 0:00,0.001598,0.0505
2012/10/31 0:00,0.004698,-0.0101
2012/11/01 0:00,0.018598,-0.1047
2012/11/02 0:00,0.002598,-0.0313
2012/11/05 0:00,-0.005002,-0.0101
2012/11/06 0:00,-0.006602,0.0331
2012/11/07 0:00,-0.002202,-0.0129
2012/11/08 0:00,-0.023902,-0.1177
2012/11/09 0:00,-0.004202,0.1354
2012/11/12 0:00,0.004897,0.0156
2012/11/13 0:00,-0.020003,0.0662
2012/11/14 0:00,0.002997,0.1342
2012/11/15 0:00,-0.016003,-0.0716
2012/11/16 0:00,-0.007403,0.281
2012/11/19 0:00,0.000796,0.228
2012/11/20 0:00,-0.002004,-0.0055
2012/11/21 0:00,0.010996,0.063
2012/11/22 0:00,-0.012104,-0.1041
2012/11/23 0:00,0.002896,0.0402
2012/11/26 0:00,-0.014704,-0.1005
2012/11/27 0:00,-0.031104,0.0823
2012/11/28 0:00,-0.019504,0.0018
2012/11/29 0:00,-0.010505,0.1033
2012/11/30 0:00,0.012795,-0.0064
2012/12/03 0:00,-0.025305,-0.0064
2012/12/04 0:00,0.012895,-0.0073
2012/12/05 0:00,0.038695,-0.042
2012/12/06 0:00,-0.002405,-0.1462
2012/12/07 0:00,0.021395,-0.0128
2012/12/10 0:00,0.015995,-0.0457
2012/12/11 0:00,-0.006706,0.022
2012/12/12 0:00,-0.000106,0.0165
2012/12/13 0:00,-0.012406,0.0357
2012/12/14 0:00,0.042194,-0.0448
2012/12/17 0:00,0.004294,0.0357
2012/12/18 0:00,-0.002806,-0.0082
2012/12/19 0:00,0.006694,-0.0467
2012/12/20 0:00,0.005994,0.0503
2012/12/21 0:00,0.002294,-0.0302
2012/12/24 0:00,0.007393,0.0906
2012/12/25 0:00,0.024593,0.0055
2012/12/26 0:00,0.016193,-0.0174
2012/12/27 0:00,-0.008107,0.0494
2012/12/28 0:00,0.011993,0.0384
2012/12/31 0:00,0.009593,0.0155
2013/01/04 0:00,-0.004307,-0.1471
2013/01/07 0:00,0.008893,0.0284
2013/01/08 0:00,0.011293,0.1225
2013/01/09 0:00,0.003093,0.0411
2013/01/10 0:00,0.004693,-0.0749
2013/01/11 0:00,-0.018707,-0.0959
2013/01/14 0:00,0.037793,0.0723
2013/01/15 0:00,0.015993,-0.0539
2013/01/16 0:00,-0.003407,0.1161
2013/01/17 0:00,-0.009307,0.021
2013/01/18 0:00,0.015793,-0.1516
2013/01/21 0:00,0.006894,0.0412
2013/01/22 0:00,-0.015306,0.0622
2013/01/23 0:00,0.001394,-0.0155
2013/01/24 0:00,-0.020806,0.0704
2013/01/25 0:00,-0.002506,0.1653
2013/01/28 0:00,0.025894,-0.0328
2013/01/29 0:00,0.008994,0.1413
2013/01/30 0:00,0.001393,0.0501
2013/01/31 0:00,-0.006807,0.0519
2013/02/01 0:00,0.008893,-0.1565
2013/02/04 0:00,-0.008907,0.0902
2013/02/05 0:00,0.012393,0.0091
2013/02/06 0:00,0.004693,-0.071
2013/02/07 0:00,0.005593,0.0346
2013/02/08 0:00,0.015493,0.0209
2013/02/18 0:00,0.000294,0.0847
2013/02/19 0:00,-0.019206,0.0828
2013/02/20 0:00,0.018794,0.0427
2013/02/21 0:00,-0.020406,0.1054
2013/02/22 0:00,-0.002606,-0.0817
2013/02/25 0:00,0.008594,0.0073
2013/02/26 0:00,-0.013406,-0.0091
2013/02/27 0:00,0.002794,0.0027
2013/02/28 0:00,0.021893,0.0127
2013/03/01 0:00,0.011293,-0.0163
2013/03/04 0:00,-0.036507,0.0545
2013/03/05 0:00,0.023693,0.0073
2013/03/06 0:00,0.015194,0.0227
2013/03/07 0:00,-0.011306,0.0043
2013/03/08 0:00,-0.010806,0.025
2013/03/11 0:00,0.000094,-0.0471
2013/03/12 0:00,-0.024706,0.0056
2013/03/13 0:00,-0.009006,0.0077
2013/03/14 0:00,0.003594,0.0249
2013/03/15 0:00,0.002794,-0.0477
2013/03/18 0:00,-0.012006,0.0322
2013/03/19 0:00,0.002194,-0.044
2013/03/20 0:00,0.027994,0.0645
2013/03/21 0:00,0.009094,0.0238
2013/03/22 0:00,0.002694,0.0237
2013/03/25 0:00,-0.001306,-0.0113
2013/03/26 0:00,-0.007206,0.0288
2013/03/27 0:00,0.001994,0.0591
2013/03/28 0:00,-0.027206,0.028
2013/03/29 0:00,-0.002706,0.0766
2013/04/01 0:00,0.006394,0.0099
2013/04/02 0:00,-0.013506,0.1515
2013/04/03 0:00,-0.008506,0.1569
2013/04/08 0:00,0.005594,0.1787
2013/04/09 0:00,0.008294,0.1128
2013/04/10 0:00,-0.004906,-0.0192
2013/04/11 0:00,-0.003406,0.0681
2013/04/12 0:00,-0.007506,0.0652
2013/04/15 0:00,-0.013806,0.0938
2013/04/16 0:00,0.010694,0.1246
2013/04/17 0:00,0.010794,0.1334
2013/04/18 0:00,0.003394,-0.0626
2013/04/19 0:00,0.022394,-0.1922
2013/04/22 0:00,0.005794,0.0144
2013/04/23 0:00,-0.027906,0.1416
2013/04/24 0:00,0.022294,0.0061
2013/04/25 0:00,-0.017106,0.1107
2013/04/26 0:00,-0.016406,0.0339
2013/05/02 0:00,0.006394,0.1043
2013/05/03 0:00,0.019994,0.1433
2013/05/06 0:00,0.018894,-0.0711
2013/05/07 0:00,0.001394,0.038
2013/05/08 0:00,0.010494,-0.0611
2013/05/09 0:00,0.002194,0.0442
2013/05/10 0:00,0.003894,0.0291
2013/05/13 0:00,0.002794,0.0573
2013/05/14 0:00,-0.014006,0.048
2013/05/15 0:00,0.015494,0.0309
2013/05/16 0:00,0.010994,0.0149
2013/05/17 0:00,0.016994,0.0058
2013/05/20 0:00,0.014194,0.0145
2013/05/21 0:00,0.014094,0.0143
2013/05/22 0:00,-0.009406,-0.0124
2013/05/23 0:00,-0.007206,0.0113
2013/05/24 0:00,0.014794,0.0574
2013/05/27 0:00,0.007594,0.0245
2013/05/28 0:00,-0.000906,0.0087
2013/05/29 0:00,0.006094,-0.0412
2013/05/30 0:00,0.001094,0.0081
2013/05/31 0:00,-0.007606,-0.0146
2013/06/03 0:00,-0.008306,-0.0511
2013/06/04 0:00,-0.020406,-0.0827
2013/06/05 0:00,0.005494,-0.0388
2013/06/06 0:00,-0.014307,-0.0347
2013/06/07 0:00,-0.016425,-0.0248
2013/06/13 0:00,-0.029743,0.2252
2013/06/14 0:00,0.021755,-0.0766
2013/06/17 0:00,0.002154,-0.0767
2013/06/18 0:00,0.001554,-0.1563
2013/06/19 0:00,-0.004648,-0.3147
2013/06/20 0:00,-0.035459,-0.8702
2013/06/21 0:00,-0.003259,0.2734
2013/06/24 0:00,-0.063457,-0.0228
2013/06/25 0:00,-0.002455,0.0684
2013/06/26 0:00,0.025147,0.4781
2013/06/27 0:00,-0.017552,0.1647
2013/06/28 0:00,0.000551,0.0339
2013/07/01 0:00,0.021655,0.1425
2013/07/02 0:00,0.017957,-0.0384
2013/07/03 0:00,0.000659,-0.068
2013/07/04 0:00,0.006262,0.016
2013/07/05 0:00,-0.006735,0.0787
2013/07/08 0:00,-0.037131,-0.0598
2013/07/09 0:00,0.003971,-0.0539
2013/07/10 0:00,0.029871,-0.2668
2013/07/11 0:00,0.030171,-0.1758
2013/07/12 0:00,-0.005729,0.0233
2013/07/15 0:00,0.023472,-0.0593
2013/07/16 0:00,0.010272,-0.1368
2013/07/17 0:00,-0.016228,-0.2512
2013/07/18 0:00,-0.004528,-0.1081
2013/07/19 0:00,-0.023627,-0.1235
2013/07/22 0:00,0.018573,-0.1103
2013/07/23 0:00,0.028873,-0.2278
2013/07/24 0:00,0.006772,-0.2459
2013/07/25 0:00,-0.020328,0.2917
2013/07/26 0:00,-0.002228,0.2236
2013/07/29 0:00,-0.020328,0.0524
2013/07/30 0:00,-0.002528,0.0375
2013/07/31 0:00,0.004472,-0.0339
2013/08/01 0:00,0.031572,0.0732
2013/08/02 0:00,0.003772,0.0321
2013/08/05 0:00,0.017072,-0.0605
2013/08/06 0:00,0.011072,0.0018
2013/08/07 0:00,-0.012127,-0.1834
2013/08/08 0:00,0.003873,-0.3325
2013/08/09 0:00,0.001673,-0.1308
2013/08/12 0:00,0.013673,-0.128
2013/08/13 0:00,0.005673,-0.4978
2013/08/14 0:00,-0.002427,-0.2073
2013/08/15 0:00,-0.012527,-0.0451
2013/08/16 0:00,-0.021727,0.048
2013/08/19 0:00,0.019972,-0.2315
2013/08/20 0:00,-0.000628,-0.3497
2013/08/21 0:00,0.005272,0.0087
2013/08/22 0:00,0.002572,0.0413
2013/08/23 0:00,-0.002028,0.234
2013/08/26 0:00,0.019472,0.1902
2013/08/27 0:00,0.006072,-0.0431
2013/08/28 0:00,-0.013528,-0.2473
2013/08/29 0:00,-0.001928,-0.0287
2013/08/30 0:00,-0.018828,0.0535
2013/09/02 0:00,0.012072,-0.0027
2013/09/03 0:00,0.016272,-0.062
2013/09/04 0:00,-0.000028,-0.073
2013/09/05 0:00,0.001772,0.0154
2013/09/09 0:00,0.009472,-0.2102
2013/09/10 0:00,0.004672,-0.0596
2013/09/11 0:00,-0.010128,-0.2623
2013/09/12 0:00,0.000172,-0.0977
2013/09/13 0:00,0.006672,-0.0362
2013/09/16 0:00,0.003772,0.1866
2013/09/17 0:00,-0.015428,0.2154
2013/09/18 0:00,0.006872,-0.0082
2013/09/23 0:00,0.023672,0.5851
2013/09/24 0:00,-0.000028,-0.0492
2013/09/25 0:00,-0.005828,-0.0067
2013/09/26 0:00,-0.014328,0.2129
2013/09/27 0:00,0.003672,-0.0006
2013/09/30 0:00,0.012772,-0.0202
2013/10/08 0:00,0.017372,0.1135
2013/10/09 0:00,0.009372,-0.0955
2013/10/10 0:00,-0.008028,-0.0255
2013/10/11 0:00,0.010072,0.1331
2013/10/14 0:00,0.008872,-0.1855
2013/10/15 0:00,-0.002728,-0.1713
2013/10/16 0:00,-0.027228,-0.1332
2013/10/17 0:00,0.000272,-0.1257
2013/10/18 0:00,0.006872,0.062
2013/10/21 0:00,0.026272,-0.0928
2013/10/22 0:00,-0.012328,-0.0634
2013/10/23 0:00,-0.021928,-0.0689
2013/10/24 0:00,-0.006328,-0.1847
2013/10/25 0:00,-0.018729,-0.0793
2013/10/28 0:00,-0.002429,0.1068
2013/10/29 0:00,-0.018929,-0.0821
2013/10/30 0:00,0.016671,-0.1946
2013/10/31 0:00,-0.014129,0.3444
2013/11/01 0:00,-0.004429,0.1141
2013/11/04 0:00,0.004471,-0.1123
2013/11/05 0:00,0.013071,-0.1459
2013/11/06 0:00,-0.011029,-0.0786
2013/11/07 0:00,-0.013129,-0.3849
2013/11/08 0:00,-0.014129,-0.1742
2013/11/11 0:00,0.007471,-0.4749
2013/11/12 0:00,0.009571,-0.2407
2013/11/13 0:00,-0.018629,-0.0603
2013/11/14 0:00,0.015071,-0.6136
2013/11/15 0:00,0.019071,-0.5254
2013/11/18 0:00,0.022771,-0.118
2013/11/19 0:00,0.001671,-0.166
2013/11/20 0:00,0.006571,-0.2524
2013/11/21 0:00,-0.005029,0.1296
2013/11/22 0:00,-0.003229,0.5833
2013/11/25 0:00,-0.000429,-0.1259
2013/11/26 0:00,0.002371,-0.0679
2013/11/27 0:00,0.014371,0.5174
2013/11/28 0:00,0.010171,0.2785
2013/11/29 0:00,0.009171,0.4964
2013/12/02 0:00,-0.051529,-0.1929
2013/12/03 0:00,0.01797,0.1669
2013/12/04 0:00,0.010769,-0.095
2013/12/05 0:00,-0.005834,-0.3113
2013/12/06 0:00,-0.002442,-0.254
2013/12/09 0:00,0.010556,-0.0584
2013/12/10 0:00,-0.000446,-0.5098
2013/12/11 0:00,-0.009846,-0.2672
2013/12/12 0:00,0.006954,0.459
2013/12/13 0:00,0.003954,0.3891
2013/12/16 0:00,-0.013346,-0.2053
2013/12/17 0:00,-0.006947,-0.044
2013/12/18 0:00,-0.000848,-0.1256
2013/12/19 0:00,-0.007049,-0.0065
2013/12/20 0:00,-0.01395,-0.0367
2013/12/23 0:00,-0.000851,0.0716
2013/12/24 0:00,0.009349,0.1546
2013/12/25 0:00,0.016449,-0.1283
2013/12/26 0:00,-0.018652,0.0178
2013/12/27 0:00,0.018248,0.0778
2013/12/30 0:00,0.003248,0.0816
2013/12/31 0:00,0.003148,0.0551
2014/01/02 0:00,0.009748,-0.0918
2014/01/03 0:00,-0.002752,-0.2628
2014/01/06 0:00,-0.026953,-0.2515
2014/01/07 0:00,0.006247,0.2073
2014/01/08 0:00,0.008547,0.1336
2014/01/09 0:00,-0.015053,0.17
2014/01/10 0:00,-0.017653,-0.0065
2014/01/13 0:00,-0.002353,0.0906
2014/01/14 0:00,0.020447,-0.0675
2014/01/15 0:00,0.007647,0.0071
2014/01/16 0:00,-0.000853,0.1594
2014/01/17 0:00,-0.010653,-0.0576
2014/01/20 0:00,-0.009453,0.0004
2014/01/21 0:00,0.015847,0.4687
2014/01/22 0:00,0.024447,0.1511
2014/01/23 0:00,0.007847,0.0751
2014/01/24 0:00,0.013847,-0.0418
2014/01/27 0:00,-0.005953,0.5096
2014/01/28 0:00,-0.002953,-0.1745
2014/01/29 0:00,0.008647,0.0276
2014/01/30 0:00,-0.007853,-0.011
2014/02/07 0:00,0.017147,0.3001
2014/02/10 0:00,0.028446,-0.2064
2014/02/11 0:00,-0.000553,0.0467
2014/02/12 0:00,0.011547,0.0347
2014/02/13 0:00,-0.017654,-0.1869
2014/02/14 0:00,0.017547,0.0677
2014/02/17 0:00,0.020447,-0.0404
2014/02/18 0:00,-0.004353,-0.0964
2014/02/19 0:00,0.001447,-0.1333
2014/02/20 0:00,-0.016253,0.0788
2014/02/21 0:00,-0.004353,0.1157
2014/02/24 0:00,-0.000953,0.1018
2014/02/25 0:00,-0.041752,0.5664
2014/02/26 0:00,0.004948,0.0551
2014/02/27 0:00,-0.018852,0.3723
2014/02/28 0:00,0.015349,0.0514
2014/03/03 0:00,0.018049,-0.1549
2014/03/04 0:00,-0.003151,-0.293
2014/03/05 0:00,-0.002951,-0.1953
2014/03/06 0:00,0.001849,-0.1757
2014/03/07 0:00,-0.003151,0.0092
2014/03/10 0:00,-0.037151,0.1033
2014/03/11 0:00,-0.000251,0.2126
2014/03/12 0:00,-0.001951,0.047
2014/03/13 0:00,0.015849,0.0056
2014/03/14 0:00,-0.004351,0.2374
2014/03/17 0:00,0.022049,0.0382
2014/03/18 0:00,0.003249,0.047
2014/03/19 0:00,-0.005451,-0.0695
2014/03/20 0:00,-0.028351,0.0164
2014/03/21 0:00,0.019449,-0.0295
2014/03/24 0:00,0.001149,0.1268
2014/03/25 0:00,-0.002251,-0.1637
2014/03/26 0:00,0.005349,0.0335
2014/03/27 0:00,-0.021351,0.0227
2014/03/28 0:00,-0.023351,0.0777
2014/03/31 0:00,-0.004551,-0.0371
2014/04/01 0:00,0.017749,0.0408
2014/04/02 0:00,-0.002351,0.0202
2014/04/03 0:00,0.000149,-0.2485
2014/04/04 0:00,0.012649,0.0039
2014/04/08 0:00,0.010449,0.0767
2014/04/09 0:00,0.009549,-0.0071
2014/04/10 0:00,0.004749,0.0003
2014/04/11 0:00,-0.004851,0.0941
2014/04/14 0:00,0.005949,0.2114
2014/04/15 0:00,-0.008551,0.1497
2014/04/16 0:00,-0.001051,-0.0568
2014/04/17 0:00,0.001049,0.368
2014/04/18 0:00,0.003049,0.2791
2014/04/21 0:00,-0.014951,0.0032
2014/04/22 0:00,-0.008451,0.0351
2014/04/23 0:00,-0.001751,-0.0366
2014/04/24 0:00,-0.008251,-0.0703
2014/04/25 0:00,-0.02115,-0.0823
2014/04/28 0:00,-0.031351,0.1551
2014/04/29 0:00,0.013649,0.0131
2014/04/30 0:00,0.008049,0.102
2014/05/05 0:00,0.00975,0.0907
2014/05/06 0:00,0.007151,0.1109
2014/05/07 0:00,-0.017248,0.1904
2014/05/08 0:00,-0.001948,0.0564
2014/05/09 0:00,-0.009048,0.6223
2014/05/12 0:00,0.024653,0.1216
2014/05/13 0:00,-0.001546,-0.1024
2014/05/14 0:00,0.001354,-0.1915
2014/05/15 0:00,-0.019144,0.1877
2014/05/16 0:00,-0.003444,0.087
2014/05/19 0:00,-0.006043,-0.2524
2014/05/20 0:00,0.004358,0.0988
2014/05/21 0:00,0.01026,0.0741
2014/05/22 0:00,0.00036,0.2069
2014/05/23 0:00,0.012061,0.04
2014/05/26 0:00,0.012862,0.0743
2014/05/27 0:00,-0.004338,-0.0497
2014/05/28 0:00,0.014864,0.0183
2014/05/29 0:00,-0.012735,0.2772
2014/05/30 0:00,0.003165,0.16
2014/06/03 0:00,-0.001234,0.4722
2014/06/04 0:00,-0.009033,0.3671
2014/06/05 0:00,0.014067,-0.1253
2014/06/06 0:00,-0.003032,-0.05
2014/06/09 0:00,-0.006632,0.0128
2014/06/10 0:00,0.014768,0.0063
2014/06/11 0:00,0.004869,-0.0411
2014/06/12 0:00,-0.002831,0.0474
2014/06/13 0:00,0.012969,-0.1095
2014/06/16 0:00,0.006969,0.1185
2014/06/17 0:00,-0.011131,0.0492
2014/06/18 0:00,-0.007331,-0.0007
2014/06/19 0:00,-0.028631,-0.0243
2014/06/20 0:00,0.010169,0.1979
2014/06/23 0:00,0.011069,0.0907
2014/06/24 0:00,0.007469,-0.0617
2014/06/25 0:00,-0.00453,0.0123
2014/06/26 0:00,0.01597,0.0231
2014/06/27 0:00,0.00687,0.005
2014/06/30 0:00,0.00987,-0.0461
2014/07/01 0:00,0.00457,-0.0351
2014/07/02 0:00,0.00517,-0.2605
2014/07/03 0:00,0.00687,-0.2494
2014/07/04 0:00,-0.00023,-0.1287
2014/07/07 0:00,-0.00143,0.0743
2014/07/08 0:00,0.00817,0.0439
2014/07/09 0:00,-0.01723,-0.0039
2014/07/10 0:00,-0.00123,0.1107
2014/07/11 0:00,0.00697,-0.0265
2014/07/14 0:00,0.01317,0.0144
2014/07/16 0:00,-0.01123,-0.1424
2014/07/17 0:00,-0.00593,-0.2612
2014/07/18 0:00,0.00207,-0.479
2014/07/21 0:00,-0.00143,0.0946
2014/07/22 0:00,0.01467,0.1178
2014/07/23 0:00,-0.01213,0.0234
2014/07/24 0:00,-0.00153,-0.0079
2014/07/25 0:00,0.01017,0.0934
2014/07/28 0:00,0.02177,0.0445
2014/07/29 0:00,0.01127,0.0286
2014/07/30 0:00,0.00437,-0.1577
2014/07/31 0:00,0.008771,0
2014/08/01 0:00,-0.011029,0.2051
2014/08/04 0:00,0.015271,0.0569
2014/08/05 0:00,0.007871,0.0655
2014/08/06 0:00,0.004871,0.0327
2014/08/07 0:00,-0.010129,-0.0439
2014/08/08 0:00,0.007171,0.0408
2014/08/11 0:00,0.015671,-0.0744
2014/08/12 0:00,0.003071,-0.0276
2014/08/13 0:00,-0.000228,0.0088
2014/08/14 0:00,-0.006228,0.1885
2014/08/15 0:00,0.011872,0.0136
2014/08/18 0:00,0.015672,0.1375
2014/08/19 0:00,0.003772,0.0076
2014/08/20 0:00,-0.001028,-0.0333
2014/08/21 0:00,0.001372,-0.0181
2014/08/22 0:00,0.007672,-0.002
2014/08/25 0:00,-0.008328,0.0348
2014/08/26 0:00,-0.018428,0.0215
2014/08/27 0:00,0.005972,0.0332
2014/08/28 0:00,-0.009628,0.1342
2014/08/29 0:00,0.012272,0.0153
2014/09/01 0:00,0.018272,0.0032
2014/09/02 0:00,0.014372,0.0292
2014/09/03 0:00,0.008172,-0.0326
2014/09/04 0:00,0.008272,-0.0575
2014/09/05 0:00,0.004272,-0.0004
2014/09/09 0:00,0.004773,0.0465
2014/09/10 0:00,0.004673,0.0142
2014/09/11 0:00,-0.001727,-0.0192
2014/09/12 0:00,0.009973,-0.0082
2014/09/15 0:00,0.008073,0.1197
2014/09/16 0:00,-0.034027,-0.0306
2014/09/17 0:00,0.007073,0.1806
2014/09/18 0:00,0.007173,0.4741
2014/09/19 0:00,0.010274,0.5137
2014/09/22 0:00,-0.013326,0.3696
2014/09/23 0:00,0.013674,0.0502
2014/09/24 0:00,0.014975,-0.1194
2014/09/25 0:00,0.000475,-0.018
2014/09/26 0:00,0.002575,0.0821
2014/09/29 0:00,0.009875,0.1525
2014/09/30 0:00,0.006875,0.0043
2014/10/08 0:00,0.014976,0.307
2014/10/09 0:00,0.002776,-0.3348
2014/10/10 0:00,-0.004224,0.0363
2014/10/13 0:00,-0.000924,0.1261
2014/10/14 0:00,-0.002924,0.4783
2014/10/15 0:00,0.004376,0.724
2014/10/16 0:00,-0.014824,0.1748
2014/10/17 0:00,-0.007524,-0.029
2014/10/20 0:00,0.014477,0.48
2014/10/21 0:00,-0.008323,0.1187
2014/10/22 0:00,-0.012123,-0.095
2014/10/23 0:00,-0.016823,-0.0714
2014/10/24 0:00,0.000478,-0.0553
2014/10/27 0:00,0.004578,0.114
2014/10/28 0:00,0.026178,0.0413
2014/10/29 0:00,0.013378,0.276
2014/10/30 0:00,-0.000422,-0.055
2014/10/31 0:00,0.000778,-0.0699
2014/11/03 0:00,0.008778,0.1641
2014/11/04 0:00,-0.005922,0.4258
2014/11/05 0:00,-0.000421,0.3427
2014/11/06 0:00,0.009279,0.1683
2014/11/07 0:00,-0.00782,0.3796
2014/11/10 0:00,0.00908,0.1287
2014/11/11 0:00,-0.031419,0.4387
2014/11/12 0:00,0.016283,-0.1532
2014/11/13 0:00,-0.015816,-0.0955
2014/11/14 0:00,-0.002616,-0.6989
2014/11/17 0:00,0.010885,0.0475
2014/11/18 0:00,0.001885,-0.0692
2014/11/19 0:00,0.007385,0.0979
2014/11/20 0:00,-0.002414,-0.0668
2014/11/21 0:00,0.012486,-0.1807
2014/11/24 0:00,0.014386,1.2892
2014/11/25 0:00,0.015386,-0.1218
2014/11/26 0:00,0.006286,-0.1354
2014/11/27 0:00,0.008086,0.0547
2014/11/28 0:00,0.002886,0.0301
2014/12/01 0:00,-0.006314,-0.0955
2014/12/02 0:00,0.016185,0.0006
2014/12/03 0:00,0.014885,-0.2021
2014/12/04 0:00,0.022085,-0.6461
2014/12/05 0:00,-0.019516,-0.6361
2014/12/08 0:00,0.009684,-0.1368
2014/12/09 0:00,-0.047416,-0.2672
2014/12/10 0:00,0.039084,0.2011
2014/12/11 0:00,0.009882,0.0449
2014/12/12 0:00,0.010581,0.1753
2014/12/15 0:00,0.015379,-0.3339
2014/12/16 0:00,0.002275,-0.1047
2014/12/17 0:00,-0.00763,0.0851
2014/12/18 0:00,-0.006634,0.2879
2014/12/19 0:00,-0.013637,0.1351
2014/12/22 0:00,-0.03974,-0.0609
2014/12/23 0:00,-0.015641,0.462
2014/12/24 0:00,0.008958,0.3598
2014/12/25 0:00,0.015759,0.0804
2014/12/26 0:00,0.011659,-0.0407
2014/12/29 0:00,-0.016141,0.1268
2014/12/30 0:00,-0.015141,0.0301
2014/12/31 0:00,0.013659,-0.1972
2015/01/05 0:00,0.01756,0.2365
2015/01/06 0:00,0.019261,0.0162
2015/01/07 0:00,-0.002238,-0.0842
2015/01/08 0:00,-0.004136,0.1022
2015/01/09 0:00,-0.005635,-0.0279
2015/01/12 0:00,-0.007234,0.0256
2015/01/13 0:00,0.016466,0.0176
2015/01/14 0:00,-0.005034,0.557
2015/01/15 0:00,0.010666,0.025
2015/01/16 0:00,0.013866,0.2599
2015/01/19 0:00,-0.038434,0.1776
2015/01/20 0:00,0.037666,-0.2207
2015/01/21 0:00,0.026966,0.3821
2015/01/22 0:00,0.013466,-0.059
2015/01/23 0:00,-0.011234,-0.012
2015/01/26 0:00,0.019166,0.5038
2015/01/27 0:00,0.001466,-0.4534
2015/01/28 0:00,-0.007234,0.1053
2015/01/29 0:00,-0.006334,-0.1497
2015/01/30 0:00,-0.011635,-0.0189
2015/02/02 0:00,-0.006635,0.04
2015/02/03 0:00,0.022565,-0.0508
2015/02/04 0:00,-0.002835,0.217
2015/02/05 0:00,-0.002635,0.3227
2015/02/06 0:00,-0.022634,-0.2692
2015/02/09 0:00,-0.004334,0.1692
2015/02/10 0:00,0.016666,-0.0951
2015/02/11 0:00,0.014566,0.1057
2015/02/12 0:00,0.008366,0.2138
2015/02/13 0:00,0.016966,0.2119
2015/02/16 0:00,0.020566,0.2755
2015/02/17 0:00,0.006966,0.0553
2015/02/25 0:00,-0.007834,0.1684
2015/02/26 0:00,0.011366,-0.199
2015/02/27 0:00,0.010466,-0.0532
2015/03/02 0:00,0.022766,0.1134
2015/03/03 0:00,-0.011934,-0.1237
2015/03/04 0:00,0.018666,-0.2501
2015/03/05 0:00,0.002766,-0.1811
2015/03/06 0:00,-0.017134,-0.049
2015/03/09 0:00,0.012866,-0.2437
2015/03/10 0:00,0.012466,0.0059
2015/03/11 0:00,-0.001834,0.113
2015/03/12 0:00,-0.002834,0.202
2015/03/13 0:00,0.015166,0.0143
2015/03/16 0:00,0.033666,-0.1545
2015/03/17 0:00,0.013766,-0.184
2015/03/18 0:00,0.022366,0.0546
2015/03/19 0:00,0.005666,-0.1302
2015/03/20 0:00,0.015466,0.1489
2015/03/23 0:00,0.030566,0.0348
2015/03/24 0:00,0.010766,0.0509
2015/03/25 0:00,0.012166,-0.0484
2015/03/26 0:00,-0.016134,-0.1342
2015/03/27 0:00,0.012466,-0.5643
2015/03/30 0:00,0.007666,0.2331
2015/03/31 0:00,0.006066,-0.4813
2015/04/01 0:00,0.026966,0.0227
2015/04/02 0:00,0.020966,0.4316
2015/04/03 0:00,0.020366,0.1193
2015/04/07 0:00,0.023867,-0.1569
2015/04/08 0:00,-0.007932,-0.1329
2015/04/09 0:00,-0.007032,-0.4166
2015/04/10 0:00,0.027869,0.2167
2015/04/13 0:00,0.019969,-0.1165
2015/04/14 0:00,-0.00313,0.2887
2015/04/15 0:00,-0.04183,0.1786
2015/04/16 0:00,0.013371,0.2896
2015/04/17 0:00,0.005171,-0.1451
2015/04/20 0:00,-0.023226,0.6006
2015/04/21 0:00,0.044277,0.2974
2015/04/22 0:00,0.030679,-0.3248
2015/04/23 0:00,0.010981,0.1078
2015/04/24 0:00,-0.001317,0.0627
2015/04/27 0:00,0.007586,0.1515
2015/04/28 0:00,-0.031512,-0.136
2015/04/29 0:00,0.022889,0.2577
2015/04/30 0:00,0.006491,0.3004
2015/05/04 0:00,0.007093,0.0001
2015/05/05 0:00,-0.031306,-0.2436
2015/05/06 0:00,-0.006005,-0.2213
2015/05/07 0:00,-0.013605,0.111
2015/05/08 0:00,0.046696,-0.2641
2015/05/11 0:00,0.049198,0.6003
2015/05/12 0:00,0.023299,-0.1355
2015/05/13 0:00,0.0089,0.1339
2015/05/14 0:00,0.004805,-0.1436
2015/05/15 0:00,-0.005091,0.233
2015/05/18 0:00,0.026612,0.0687
2015/05/19 0:00,0.030514,-0.0322
2015/05/20 0:00,0.022516,-0.2918
2015/05/21 0:00,0.040917,0.0084
2015/05/22 0:00,0.011119,0.232
2015/05/25 0:00,0.01922,-0.024
2015/05/26 0:00,0.041821,0.0798
2015/05/27 0:00,0.013321,-0.5397
2015/05/28 0:00,-0.062878,-0.1326
2015/05/29 0:00,0.015022,-0.1428
2015/06/01 0:00,0.056022,-0.0427
2015/06/02 0:00,0.041022,-0.0186
2015/06/03 0:00,0.003721,0.0891
2015/06/04 0:00,-0.006579,0.1373
2015/06/05 0:00,0.010921,-0.0485
2015/06/08 0:00,-0.019079,0.1042
2015/06/09 0:00,-0.00138,0.013
2015/06/10 0:00,0.02372,-0.0374
2015/06/11 0:00,0.01752,-0.106
2015/06/12 0:00,0.01452,-0.0259
2015/06/15 0:00,-0.024381,-0.0664
2015/06/16 0:00,-0.041782,0.1566
2015/06/17 0:00,0.023118,0.0318
2015/06/18 0:00,-0.041684,-0.0726
2015/06/19 0:00,-0.068885,0.2131
2015/06/23 0:00,0.014813,-0.1343
2015/06/24 0:00,0.020712,0.1508
2015/06/25 0:00,-0.043989,-0.0174
2015/06/26 0:00,-0.09299,-0.0182
2015/06/29 0:00,-0.073589,0.0892
2015/06/30 0:00,0.060311,-0.085
2015/07/01 0:00,-0.059888,0.0528
2015/07/02 0:00,-0.070588,-0.102
2015/07/03 0:00,-0.070188,0.0975
2015/07/06 0:00,-0.036188,0.3033
2015/07/07 0:00,-0.082687,0.2069
2015/07/08 0:00,-0.059287,0.3491
2015/07/09 0:00,0.098813,-0.0781
2015/07/10 0:00,0.095613,-0.1793
2015/07/13 0:00,0.078513,-0.0375
2015/07/14 0:00,0.022413,0.06
2015/07/15 0:00,-0.061487,0.0515
2015/07/16 0:00,0.019814,-0.0887
2015/07/17 0:00,0.070014,-0.3144
2015/07/20 0:00,0.023714,0.2395
2015/07/21 0:00,0.020314,0.2612
2015/07/22 0:00,0.012714,-0.0879
2015/07/23 0:00,0.036313,-0.0772
2015/07/24 0:00,-0.015887,0.2283
2015/07/27 0:00,-0.089987,-0.0096
2015/07/28 0:00,-0.029587,0.1963
2015/07/29 0:00,0.053913,-0.0165
2015/07/30 0:00,-0.042087,0.0286
2015/07/31 0:00,-0.011287,0.0205
2015/08/03 0:00,-0.036186,-0.1805
2015/08/04 0:00,0.063414,0.1162
2015/08/05 0:00,-0.013486,0.1377
2015/08/06 0:00,-0.009086,-0.0248
2015/08/07 0:00,0.039414,0.0814
2015/08/10 0:00,0.058714,0.0267
2015/08/11 0:00,0.005115,-0.0844
2015/08/12 0:00,-0.017385,-0.2685
2015/08/13 0:00,0.028315,0.1065
2015/08/14 0:00,0.006615,0.0111
2015/08/17 0:00,0.009315,0.0964
2015/08/18 0:00,-0.082085,-0.0328
2015/08/19 0:00,0.027615,-0.0994
2015/08/20 0:00,-0.037385,-0.0409
2015/08/21 0:00,-0.067685,0.128
2015/08/24 0:00,-0.098085,0.082
2015/08/25 0:00,-0.092385,0.2409
2015/08/26 0:00,-0.040585,0.0485
2015/08/27 0:00,0.045115,0.1115
2015/08/28 0:00,0.071615,0.3143
2015/08/31 0:00,-0.039885,0.148
2015/09/01 0:00,-0.060585,0.2336
2015/09/02 0:00,-0.025785,0.0536
2015/09/07 0:00,0.002115,0.1381
2015/09/08 0:00,0.050215,-0.2489
2015/09/09 0:00,0.042415,0.1217
2015/09/10 0:00,-0.020485,-0.0576
2015/09/11 0:00,0.007715,0.0717
2015/09/14 0:00,-0.084685,0.0822
2015/09/15 0:00,-0.064285,0.0353
2015/09/16 0:00,0.085015,-0.0118
2015/09/17 0:00,-0.019286,0.1007
2015/09/18 0:00,0.015814,-0.1252
2015/09/21 0:00,0.044614,0.0589
2015/09/22 0:00,0.008514,-0.0464
2015/09/23 0:00,-0.010686,0.0538
2015/09/24 0:00,0.014914,0.0111
2015/09/25 0:00,-0.043786,-0.0264
2015/09/28 0:00,0.030314,0.1387
2015/09/29 0:00,-0.019186,0.3162
2015/09/30 0:00,0.003714,0.0729
2015/10/08 0:00,0.049814,0.1072
2015/10/09 0:00,0.017913,0.2481
2015/10/12 0:00,0.050813,0.2873
2015/10/13 0:00,0.012813,0.1723
2015/10/14 0:00,-0.014687,0.3077
2015/10/15 0:00,0.036713,0.1531
2015/10/16 0:00,0.015813,-0.2798
2015/10/19 0:00,0.001513,-0.0284
2015/10/20 0:00,0.023113,0.2799
2015/10/21 0:00,-0.070287,0.1057
2015/10/22 0:00,0.044314,0.0396
2015/10/23 0:00,0.034714,0.0957
2015/10/26 0:00,0.007816,0.1265
2015/10/27 0:00,0.007417,0.2184
2015/10/28 0:00,-0.025783,0.1091
2015/10/29 0:00,0.009317,-0.19
2015/10/30 0:00,0.000017,-0.1359
2015/11/02 0:00,-0.024283,0.0762
2015/11/03 0:00,-0.000483,-0.028
2015/11/04 0:00,0.058817,-0.2364
2015/11/05 0:00,0.002517,-0.0639
2015/11/06 0:00,0.031817,0.0268
2015/11/09 0:00,0.020217,-0.3368
2015/11/10 0:00,0.008717,-0.4573
2015/11/11 0:00,0.022217,0.221
2015/11/12 0:00,0.003417,0.2475
2015/11/13 0:00,-0.026883,0.0321
2015/11/16 0:00,0.022717,0.0027
2015/11/17 0:00,-0.009883,0.0202
2015/11/18 0:00,-0.020883,-0.043
2015/11/19 0:00,0.034017,-0.0835
2015/11/20 0:00,0.013917,0.1162
2015/11/23 0:00,-0.008883,0.1297
2015/11/24 0:00,0.015416,-0.0396
2015/11/25 0:00,0.020516,0.1208
2015/11/26 0:00,-0.008684,0.1958
2015/11/27 0:00,-0.067684,-0.0027
2015/11/30 0:00,0.009816,0.1202
2015/12/01 0:00,-0.003183,0.1698
2015/12/02 0:00,-0.004483,0.0805
2015/12/03 0:00,0.026817,0.0601
2015/12/04 0:00,-0.005983,0.0735
2015/12/07 0:00,0.013616,0.0641
2015/12/08 0:00,-0.019784,0.1627
2015/12/09 0:00,-0.003783,-0.0823
2015/12/10 0:00,-0.001383,0.2149
2015/12/11 0:00,-0.008184,-0.0628
2015/12/14 0:00,0.022117,-0.0811
2015/12/15 0:00,0.012216,-0.0946
2015/12/16 0:00,0.007317,0.0983
2015/12/17 0:00,0.030216,0.0654
2015/12/18 0:00,-0.002484,0.2546
2015/12/21 0:00,0.010916,0.3626
2015/12/22 0:00,0.010316,0.2618
2015/12/23 0:00,-0.013284,-0.017
2015/12/24 0:00,-0.002084,0.2729
2015/12/25 0:00,0.006116,0.2631
2015/12/28 0:00,-0.023985,-0.0186
2015/12/29 0:00,0.010615,0.1111
2015/12/30 0:00,0.010915,-0.0737
2015/12/31 0:00,-0.019785,0.1485
2016/01/04 0:00,-0.090485,-0.1033
2016/01/05 0:00,-0.020185,-0.2903
2016/01/06 0:00,0.029116,0.0003
2016/01/07 0:00,-0.091784,0.1381
2016/01/08 0:00,0.011616,0.1697
2016/01/11 0:00,-0.074684,0.0507
2016/01/12 0:00,0.004416,0.0844
2016/01/13 0:00,-0.038983,0.261
2016/01/14 0:00,0.043917,0.1494
2016/01/15 0:00,-0.038682,-0.217
2016/01/18 0:00,0.021718,-0.0797
2016/01/19 0:00,0.040718,-0.1582
2016/01/20 0:00,-0.011781,-0.1294
2016/01/21 0:00,-0.045882,-0.0267
2016/01/22 0:00,0.016517,0.1609
2016/01/25 0:00,0.011417,-0.0972
2016/01/26 0:00,-0.081284,-0.2463
2016/01/27 0:00,-0.009285,0.052
2016/01/28 0:00,-0.048385,0.0389
2016/01/29 0:00,0.043215,0.0706
2016/02/01 0:00,-0.012484,0.0735
2016/02/02 0:00,0.040016,-0.0146
2016/02/03 0:00,0.005416,-0.1348
2016/02/04 0:00,0.022316,0.0895
2016/02/05 0:00,-0.013284,-0.0451
2016/02/15 0:00,-0.000483,0.3422
2016/02/16 0:00,0.046917,-0.1231
2016/02/17 0:00,0.016117,-0.0231
2016/02/18 0:00,-0.003882,0.0136
2016/02/19 0:00,0.005619,0.0171
2016/02/22 0:00,0.023219,-0.0225
2016/02/23 0:00,-0.00658,-0.0565
2016/02/24 0:00,-0.000379,0.0554
2016/02/25 0:00,-0.084379,-0.0188
2016/02/26 0:00,-0.001079,0.0296
2016/02/29 0:00,-0.062279,0.02
2016/03/01 0:00,0.027021,0.0045
2016/03/02 0:00,0.054522,-0.0047
2016/03/03 0:00,-0.001778,0.0133
2016/03/04 0:00,-0.033678,-0.0661
2016/03/07 0:00,0.023823,0.0467
2016/03/08 0:00,0.005623,-0.1169
2016/03/09 0:00,-0.024977,0.0545
2016/03/10 0:00,-0.016777,0.1066
2016/03/11 0:00,-0.002577,0.1095
2016/03/14 0:00,0.041323,0.0915
2016/03/15 0:00,-0.010777,-0.0164
2016/03/16 0:00,-0.011777,0.165
2016/03/17 0:00,0.041324,0.0689
2016/03/18 0:00,0.042123,-0.0367
2016/03/21 0:00,0.030923,0.0267
2016/03/22 0:00,-0.003777,-0.0716
2016/03/23 0:00,0.013223,0.0239
2016/03/24 0:00,-0.016277,0.1153
2016/03/25 0:00,0.005523,-0.0096
2016/03/28 0:00,-0.006677,-0.0272
2016/03/29 0:00,-0.021377,-0.014
2016/03/30 0:00,0.042223,0.1098
2016/03/31 0:00,0.003723,-0.0203
2016/04/01 0:00,-0.005978,0.0123
2016/04/05 0:00,0.030222,0.0829
2016/04/06 0:00,0.006122,-0.0628
2016/04/07 0:00,-0.018678,-0.0888
2016/04/08 0:00,-0.009478,-0.0051
2016/04/11 0:00,0.023222,0.0632
2016/04/12 0:00,-0.010178,-0.0123
2016/04/13 0:00,0.016022,-0.1855
2016/04/14 0:00,0.011622,-0.06
2016/04/15 0:00,-0.001978,-0.0239
2016/04/18 0:00,-0.014678,0.1109
2016/04/19 0:00,0.003422,0.0347
2016/04/20 0:00,-0.051278,-0.0627
2016/04/21 0:00,-0.014078,-0.1661
2016/04/22 0:00,0.012221,0.0718
2016/04/25 0:00,-0.004879,-0.1019
2016/04/26 0:00,0.013721,-0.092
2016/04/27 0:00,-0.003379,0.131
2016/04/28 0:00,-0.001179,0.0616
2016/04/29 0:00,-0.00048,0.0672
2016/05/03 0:00,0.03372,0.2256
2016/05/04 0:00,-0.000279,-0.0381
2016/05/05 0:00,0.008421,-0.038
2016/05/06 0:00,-0.041579,-0.0367
2016/05/09 0:00,-0.040879,0.0805
2016/05/10 0:00,-0.001079,0.1697
2016/05/11 0:00,-0.007079,-0.0956
2016/05/12 0:00,-0.000279,0.0442
2016/05/13 0:00,-0.00338,0.0135
2016/05/16 0:00,0.01992,-0.0226
2016/05/17 0:00,0.00002,-0.0646
2016/05/18 0:00,-0.03038,0.0716
2016/05/19 0:00,0.00622,-0.176
2016/05/20 0:00,0.01252,-0.067
2016/05/23 0:00,0.01672,0.0772
2016/05/24 0:00,-0.01078,0.0815
2016/05/25 0:00,-0.002781,-0.066
2016/05/26 0:00,0.005719,-0.0045
2016/05/27 0:00,-0.001081,0.0131
2016/05/30 0:00,-0.005181,-0.0562
2016/05/31 0:00,0.047219,0.0518
2016/06/01 0:00,0.008519,-0.0927
2016/06/02 0:00,0.011019,-0.025
2016/06/03 0:00,0.006419,-0.0882
2016/06/06 0:00,0.003419,0.0256
2016/06/07 0:00,0.003019,0.0125
2016/06/08 0:00,-0.003381,-0.0683
2016/06/13 0:00,-0.053181,0.1045
2016/06/14 0:00,0.003819,0.0262
2016/06/15 0:00,0.035319,0.1353
2016/06/16 0:00,-0.002481,0.0565
2016/06/17 0:00,0.009219,0.0379
2016/06/20 0:00,0.005019,0.0365
2016/06/21 0:00,-0.011481,-0.038
2016/06/22 0:00,0.018619,0.0867
2016/06/23 0:00,-0.003681,0.0267
2016/06/24 0:00,-0.008581,0.163
2016/06/27 0:00,0.027119,0.309
2016/06/28 0:00,0.013519,0.1941
2016/06/29 0:00,0.001519,-0.0898
2016/06/30 0:00,-0.000081,-0.0208
2016/07/01 0:00,-0.001981,0.16
2016/07/04 0:00,0.017219,0.1907
2016/07/05 0:00,0.002419,-0.0339
2016/07/06 0:00,0.004719,-0.0465
2016/07/07 0:00,0.000019,0.0608
2016/07/08 0:00,-0.00178,0.0501
2016/07/11 0:00,-0.00598,0.0251
2016/07/12 0:00,0.01332,-0.0332
2016/07/13 0:00,0.00882,-0.0254
2016/07/14 0:00,0.001721,0.071
2016/07/15 0:00,-0.003179,-0.0124
2016/07/18 0:00,-0.005479,-0.0014
2016/07/19 0:00,0.003322,-0.0418
2016/07/20 0:00,0.000622,0.1371
2016/07/21 0:00,0.001422,0.1798
2016/07/22 0:00,-0.010078,-0.0343
2016/07/25 0:00,0.000022,-0.0206
2016/07/26 0:00,0.013622,0.0285
2016/07/27 0:00,-0.048378,0.0596
2016/07/28 0:00,-0.001478,-0.0365
2016/07/29 0:00,-0.005378,0.0619
2016/08/01 0:00,-0.016178,0.0267
2016/08/02 0:00,0.008022,0.0027
2016/08/03 0:00,0.004622,0.0544
2016/08/04 0:00,0.007823,0.0382
2016/08/05 0:00,-0.003877,0.1005
2016/08/08 0:00,0.011823,0.0723
2016/08/09 0:00,0.011223,0.1252
2016/08/10 0:00,-0.003377,0.2647
2016/08/11 0:00,-0.013777,0.0087
2016/08/12 0:00,0.012923,0.0421
2016/08/15 0:00,0.027323,0.2727
2016/08/16 0:00,0.007223,0.0402
2016/08/17 0:00,0.003423,-0.1331
2016/08/18 0:00,-0.000377,-0.0994
2016/08/19 0:00,0.001223,-0.0434
2016/08/22 0:00,-0.013577,0.0647
2016/08/23 0:00,0.002823,0.0122
2016/08/24 0:00,0.003123,-0.4205
2016/08/25 0:00,-0.005877,0.184
2016/08/26 0:00,0.002223,-0.0289
2016/08/29 0:00,0.002123,0.0346
2016/08/30 0:00,0.000723,-0.1609
2016/08/31 0:00,0.002523,-0.1271
2016/09/01 0:00,-0.008276,-0.0092
2016/09/02 0:00,-0.004476,0.1183
2016/09/05 0:00,0.004724,-0.1552
2016/09/06 0:00,0.015924,0.0304
2016/09/07 0:00,-0.001976,-0.0003
2016/09/08 0:00,0.002924,-0.0037
2016/09/09 0:00,-0.007876,0.142
2016/09/12 0:00,-0.030676,-0.1079
2016/09/13 0:00,0.006824,0.1162
2016/09/14 0:00,-0.004976,0.1071
2016/09/19 0:00,0.011523,0.0628
2016/09/20 0:00,-0.000477,0.1021
2016/09/21 0:00,0.003123,-0.0909
2016/09/22 0:00,0.006823,0.0404
2016/09/23 0:00,-0.005477,0.0309
2016/09/26 0:00,-0.022777,0.1475
2016/09/27 0:00,0.008423,-0.0069
2016/09/28 0:00,-0.001477,-0.027
2016/09/29 0:00,0.004323,-0.01
2016/09/30 0:00,0.005323,0.0289
2016/10/10 0:00,0.020423,0.2942
2016/10/11 0:00,0.005523,0.0755
2016/10/12 0:00,0.001923,0.0095
2016/10/13 0:00,0.001123,-0.0182
2016/10/14 0:00,-0.001277,0.2325
2016/10/17 0:00,-0.009977,-0.0059
2016/10/18 0:00,0.015723,-0.0168
2016/10/19 0:00,-0.001177,0.1239
2016/10/20 0:00,0.003523,0.2983
2016/10/21 0:00,-0.003977,0.0826
2016/10/24 0:00,0.009423,0.0165
2016/10/25 0:00,0.004023,-0.1072
2016/10/26 0:00,-0.004177,-0.0612
2016/10/27 0:00,-0.000677,-0.0945
2016/10/28 0:00,-0.008377,0.0804
2016/10/31 0:00,-0.000877,-0.1055
2016/11/01 0:00,0.012123,0.0611
2016/11/02 0:00,-0.006578,-0.0774
2016/11/03 0:00,0.006322,0.1227
2016/11/04 0:00,-0.002278,-0.0337
2016/11/07 0:00,-0.000078,-0.094
2016/11/08 0:00,0.007022,-0.127
2016/11/09 0:00,-0.006179,0.0498
2016/11/10 0:00,0.014921,-0.1812
2016/11/11 0:00,0.005721,-0.268
2016/11/14 0:00,0.003221,-0.134
2016/11/15 0:00,0.005321,-0.208
2016/11/16 0:00,0.00022,0.0839
2016/11/17 0:00,-0.00388,-0.2132
2016/11/18 0:00,-0.002681,-0.1199
2016/11/21 0:00,0.004119,-0.0908
2016/11/22 0:00,0.009918,0.162
2016/11/23 0:00,-0.004182,-0.0578
2016/11/24 0:00,-0.003882,0.1327
2016/11/25 0:00,0.004318,-0.0967
2016/11/28 0:00,-0.001383,-0.0245
2016/11/29 0:00,-0.008183,-0.0181
2016/11/30 0:00,-0.001683,-0.228
2016/12/01 0:00,0.006716,-0.2326
2016/12/02 0:00,-0.018084,-0.1418
2016/12/05 0:00,-0.008485,0.0024
2016/12/06 0:00,0.001815,-0.345
2016/12/07 0:00,0.010015,-0.3263
2016/12/08 0:00,-0.006985,-0.0473
2016/12/09 0:00,-0.003686,0.1705
2016/12/12 0:00,-0.052786,-0.32
2016/12/13 0:00,0.003514,-0.2557
2016/12/14 0:00,-0.008786,-0.1255
2016/12/15 0:00,0.007213,-0.753
2016/12/16 0:00,0.010313,-0.0289
2016/12/19 0:00,-0.004187,-0.1361
2016/12/20 0:00,-0.001388,-0.2705
2016/12/21 0:00,0.008312,0.362
2016/12/22 0:00,-0.001388,0.4472
2016/12/23 0:00,-0.012389,0.3207
2016/12/26 0:00,0.004011,0.2868
2016/12/27 0:00,0.000911,-0.0478
2016/12/28 0:00,-0.004089,0.0768
2016/12/29 0:00,-0.003189,0.2919
2016/12/30 0:00,0.00171,0.4018
2017/01/03 0:00,0.00931,-0.1594
2017/01/04 0:00,0.01251,-0.3641
2017/01/05 0:00,-0.001591,-0.4358
2017/01/06 0:00,-0.009294,0.0131
2017/01/09 0:00,0.003204,0.1175
2017/01/10 0:00,-0.002497,0.1575
2017/01/11 0:00,-0.011298,-0.1698
2017/01/12 0:00,-0.0094,0.0419
2017/01/13 0:00,-0.016901,0.0467
2017/01/16 0:00,-0.038401,-0.0549
2017/01/17 0:00,0.012298,-0.3525
2017/01/18 0:00,-0.004703,-0.0146
2017/01/19 0:00,-0.003904,-0.0218
2017/01/20 0:00,0.016195,0.0232
2017/01/23 0:00,0.009395,0.1186
2017/01/24 0:00,-0.002905,-0.1007
2017/01/25 0:00,0.004494,-0.4149
2017/01/26 0:00,0.007694,0.0703
2017/02/03 0:00,-0.003907,-0.2502
2017/02/06 0:00,0.010192,-0.1124
2017/02/07 0:00,0.00009,-0.4471
2017/02/08 0:00,0.008387,0.1136
2017/02/09 0:00,0.007186,0.217
2017/02/10 0:00,-0.002214,0.029
2017/02/13 0:00,0.008185,0.0142
2017/02/14 0:00,-0.000315,0.0926
2017/02/15 0:00,-0.009316,-0.0659
2017/02/16 0:00,0.006184,0.0494
2017/02/17 0:00,-0.007017,0.3476
2017/02/20 0:00,0.009783,0.293
2017/02/21 0:00,0.010283,-0.1868
2017/02/22 0:00,0.005083,0.1556
2017/02/23 0:00,0.000983,0.0191
2017/02/24 0:00,0.004483,0.0818
2017/02/27 0:00,-0.006217,0.0848
2017/02/28 0:00,0.006783,0.0053
2017/03/01 0:00,0.003983,-0.0118
2017/03/02 0:00,-0.006018,-0.1312
2017/03/03 0:00,0.002282,-0.088
2017/03/06 0:00,0.012682,-0.0589
2017/03/07 0:00,0.003182,0.0147
2017/03/08 0:00,-0.003818,-0.0906
2017/03/09 0:00,-0.007818,-0.1417
2017/03/10 0:00,0.002282,0.1
2017/03/13 0:00,0.008882,0.0432
2017/03/14 0:00,-0.001318,0.1324
2017/03/15 0:00,-0.000118,0.0373
2017/03/16 0:00,0.010581,0.14
2017/03/17 0:00,-0.008719,0.011
2017/03/20 0:00,0.00328,0.0628
2017/03/21 0:00,0.00448,-0.0044
2017/03/22 0:00,-0.003021,0.0565
2017/03/23 0:00,0.000678,0.0611
2017/03/24 0:00,0.004278,0.122
2017/03/27 0:00,-0.003422,0.1863
2017/03/28 0:00,-0.002621,0.0838
2017/03/29 0:00,-0.007721,-0.1552
2017/03/30 0:00,-0.021121,0.0177
2017/03/31 0:00,0.00358,-0.0289
2017/04/05 0:00,0.019981,-0.0904
2017/04/06 0:00,0.003182,-0.0932
2017/04/07 0:00,-0.000418,0.0805
2017/04/10 0:00,-0.010418,0.1246
2017/04/11 0:00,0.007583,-0.1301
2017/04/12 0:00,-0.008217,0.0602
2017/04/13 0:00,0.004283,0.079
2017/04/14 0:00,-0.014817,-0.1738
2017/04/17 0:00,-0.015117,-0.3479
2017/04/18 0:00,-0.006817,-0.1114
2017/04/19 0:00,-0.007717,-0.0229
2017/04/20 0:00,-0.002117,-0.1243
2017/04/21 0:00,-0.004717,-0.1442
2017/04/24 0:00,-0.026617,-0.1699
2017/04/25 0:00,0.005583,0.1553
2017/04/26 0:00,0.003983,0.2196
2017/04/27 0:00,0.005982,0.0708
2017/04/28 0:00,0.003982,-0.0963
2017/05/02 0:00,0.000082,0.0039
2017/05/03 0:00,-0.002819,-0.1886
2017/05/04 0:00,-0.003219,-0.1378
2017/05/05 0:00,-0.013519,-0.2412
2017/05/08 0:00,-0.02182,-0.1427
2017/05/09 0:00,0.00718,-0.2519
2017/05/10 0:00,-0.01502,-0.2975
2017/05/11 0:00,-0.002021,0.0096
2017/05/12 0:00,0.000579,0.0268
2017/05/15 0:00,0.004179,0.1797
2017/05/16 0:00,0.023079,-0.0156
2017/05/17 0:00,0.001278,-0.003
2017/05/18 0:00,-0.006822,0.0035
2017/05/19 0:00,-0.001422,-0.1517
2017/05/22 0:00,-0.015123,-0.0728
2017/05/23 0:00,-0.023323,-0.1455
2017/05/24 0:00,0.005976,-0.0721
2017/05/25 0:00,0.007976,0.1105
2017/05/26 0:00,-0.001124,-0.0254
2017/05/31 0:00,-0.001125,0.1633
2017/06/01 0:00,-0.021325,0.0801
2017/06/02 0:00,0.009374,-0.0155
2017/06/05 0:00,0.007573,0.0337
2017/06/06 0:00,0.006072,-0.0638
2017/06/07 0:00,0.024571,-0.0351
2017/06/08 0:00,0.00147,0.0044
2017/06/09 0:00,0.00257,0.0952
2017/06/12 0:00,-0.012131,0.2676
2017/06/13 0:00,0.013869,0.1716
2017/06/14 0:00,-0.004431,0.039
2017/06/15 0:00,0.009969,0.1008
2017/06/16 0:00,-0.00233,-0.025
2017/06/19 0:00,0.00627,0.2928
2017/06/20 0:00,0.001271,0.1164
2017/06/21 0:00,0.004672,-0.1423
2017/06/22 0:00,-0.014227,-0.0921
2017/06/23 0:00,0.004773,-0.0938
2017/06/26 0:00,0.014874,0.1781
2017/06/27 0:00,0.000974,0.1618
2017/06/28 0:00,-0.008625,-0.0706
2017/06/29 0:00,0.004876,-0.2078
2017/06/30 0:00,0.003077,-0.0758
2017/07/03 0:00,0.004377,-0.1971
2017/07/04 0:00,-0.005122,-0.1437
2017/07/05 0:00,0.009579,0.0836
2017/07/06 0:00,0.00078,0.2362
2017/07/07 0:00,0.001981,-0.0485
2017/07/10 0:00,-0.007219,-0.0286
2017/07/11 0:00,-0.007918,0.0527
2017/07/12 0:00,-0.001118,0.0585
2017/07/13 0:00,-0.000618,0.1017
2017/07/14 0:00,-0.004417,-0.0227
2017/07/17 0:00,-0.047417,0.0649
2017/07/18 0:00,0.006383,-0.1411
2017/07/19 0:00,0.016983,-0.0837
2017/07/20 0:00,0.005283,0.0533
2017/07/21 0:00,-0.001317,0.0132
2017/07/24 0:00,0.005283,0.0101
2017/07/25 0:00,-0.003317,-0.0533
2017/07/26 0:00,-0.003116,-0.113
2017/07/27 0:00,0.013584,0.0019
2017/07/28 0:00,0.001384,0.0684
2017/07/31 0:00,0.006283,-0.0087
2017/08/01 0:00,0.001983,-0.0808
2017/08/02 0:00,-0.007417,0.0922
2017/08/03 0:00,-0.000217,0.0311
2017/08/04 0:00,-0.006317,0.0447
2017/08/07 0:00,0.007983,-0.2048
2017/08/08 0:00,0.003983,-0.0279
2017/08/09 0:00,0.003683,-0.055
2017/08/10 0:00,-0.007417,0.0409
2017/08/11 0:00,-0.017618,0.1456
2017/08/14 0:00,0.021782,0.1215
2017/08/15 0:00,0.004281,0.0233
2017/08/16 0:00,0.006381,-0.0239
2017/08/17 0:00,0.006281,-0.0487
2017/08/18 0:00,-0.004119,0.008
2017/08/21 0:00,0.008081,-0.0472
2017/08/22 0:00,-0.004719,-0.0925
2017/08/23 0:00,-0.003719,0.1079
2017/08/24 0:00,-0.00652,-0.0598
2017/08/25 0:00,0.01128,-0.0614
2017/08/28 0:00,0.01518,0.0076
2017/08/29 0:00,-0.00262,-0.0177
2017/08/30 0:00,0.00388,0.03
2017/08/31 0:00,0.00338,0.028
2017/09/01 0:00,0.00638,0.0408
2017/09/04 0:00,0.006479,-0.0719
2017/09/05 0:00,0.002179,-0.0544
2017/09/06 0:00,0.004079,-0.0157
2017/09/07 0:00,-0.004022,0.0937
2017/09/08 0:00,0.001479,0.1612
2017/09/11 0:00,0.008779,0.0006
2017/09/12 0:00,-0.00312,0.0348
2017/09/13 0:00,0.00488,-0.0078
2017/09/14 0:00,-0.00082,0.0982
2017/09/15 0:00,-0.00312,0.0926
2017/09/18 0:00,0.00798,-0.0227
2017/09/19 0:00,-0.00392,-0.0051
2017/09/20 0:00,0.00898,-0.1309
2017/09/21 0:00,-0.00902,0.0183
2017/09/22 0:00,-0.003619,-0.0003
2017/09/25 0:00,-0.013319,0.0447
2017/09/26 0:00,0.000181,0.018
2017/09/27 0:00,0.008281,-0.029
2017/09/28 0:00,-0.002419,0.118
2017/09/29 0:00,0.007381,0.0089
2017/10/09 0:00,0.013781,0.0261
2017/10/10 0:00,0.008381,-0.0376
2017/10/11 0:00,-0.002019,-0.0524
2017/10/12 0:00,-0.001619,-0.0768
2017/10/13 0:00,0.007081,-0.0052
2017/10/16 0:00,-0.01602,-0.005
2017/10/17 0:00,0.00108,-0.1239
2017/10/18 0:00,-0.00422,-0.0752
2017/10/19 0:00,-0.00852,-0.0053
2017/10/20 0:00,0.00868,0.0227
2017/10/23 0:00,0.00658,-0.0321
2017/10/24 0:00,-0.00132,-0.0055
2017/10/25 0:00,0.00828,-0.1955
2017/10/26 0:00,0.00258,-0.1209
2017/10/27 0:00,-0.00362,-0.1901
2017/10/30 0:00,-0.01852,-0.3708
2017/10/31 0:00,0.00738,-0.2559
2017/11/01 0:00,0.000579,0.1168
2017/11/02 0:00,-0.007121,0.0274
2017/11/03 0:00,-0.007521,-0.0605
2017/11/06 0:00,0.012779,0.0612
2017/11/07 0:00,0.007079,-0.1039
2017/11/08 0:00,0.000478,-0.0273
2017/11/09 0:00,0.007878,0.0133
2017/11/10 0:00,0.005477,-0.029
2017/11/13 0:00,0.003176,-0.2233
2017/11/14 0:00,-0.010024,-0.2157
2017/11/15 0:00,-0.010725,-0.0449
2017/11/16 0:00,0.002375,0.0881
2017/11/17 0:00,-0.029526,0.007
2017/11/20 0:00,0.009773,0.0428
2017/11/21 0:00,0.008273,-0.0439
2017/11/22 0:00,-0.002627,-0.2224
2017/11/23 0:00,-0.031027,-0.0559
2017/11/24 0:00,-0.000928,0.1183
2017/11/27 0:00,-0.016629,0.1281
2017/11/28 0:00,0.01427,0.0108
2017/11/29 0:00,0.00027,0.0557
2017/11/30 0:00,-0.00943,0.2203
2017/12/01 0:00,0.008369,-0.018
2017/12/04 0:00,-0.007931,0.1542
2017/12/05 0:00,-0.020331,0.086
2017/12/06 0:00,0.007169,0.0066
2017/12/07 0:00,-0.006631,0.1166
2017/12/08 0:00,0.013069,-0.0579
2017/12/11 0:00,0.015869,-0.1816
2017/12/12 0:00,-0.010531,-0.1081
2017/12/13 0:00,0.008268,-0.0446
2017/12/14 0:00,-0.000332,0.1104
2017/12/15 0:00,-0.007832,0.0407
2017/12/18 0:00,-0.006832,0.1627
2017/12/19 0:00,0.009367,0.0081
2017/12/20 0:00,-0.007833,-0.0555
2017/12/21 0:00,0.007767,0.0954
2017/12/22 0:00,-0.002034,0.0286
2017/12/25 0:00,-0.009634,0.0292
2017/12/26 0:00,0.004666,-0.0635
2017/12/27 0:00,-0.007535,-0.0493
2017/12/28 0:00,0.004865,0.0399
2017/12/29 0:00,0.006665,0.0149
2018/01/02 0:00,0.011268,0.0403
2018/01/03 0:00,0.00807,-0.0339
2018/01/04 0:00,0.003872,-0.0938
2018/01/05 0:00,0.000172,0.0579
2018/01/08 0:00,0.002272,0.0208
2018/01/09 0:00,0.003372,0.0482
2018/01/10 0:00,-0.003428,0.0407
2018/01/11 0:00,0.003972,-0.0705
2018/01/12 0:00,-0.002328,-0.0609
2018/01/15 0:00,-0.019228,-0.1553
2018/01/16 0:00,0.007972,-0.0094
2018/01/17 0:00,-0.003129,0.0321
2018/01/18 0:00,0.001371,-0.1687
2018/01/19 0:00,-0.001429,0.053
2018/01/22 0:00,0.012671,0.1022
2018/01/23 0:00,0.004071,-0.0319
2018/01/24 0:00,0.005671,0.0374
2018/01/25 0:00,-0.00383,-0.037
2018/01/26 0:00,-0.00163,0.0657
2018/01/29 0:00,-0.01653,0.0283
2018/01/30 0:00,-0.005329,0.0457
2018/01/31 0:00,-0.017529,0.0567
2018/02/01 0:00,-0.03233,0.0789
2018/02/02 0:00,0.00037,0.0196
2018/02/05 0:00,-0.009429,-0.0369
2018/02/06 0:00,-0.049429,0.2026
2018/02/07 0:00,-0.007529,0.0783
2018/02/08 0:00,0.013071,0.024
2018/02/09 0:00,-0.035829,-0.0172
2018/02/12 0:00,0.029871,0.0347
2018/02/13 0:00,0.004471,-0.0119
2018/02/14 0:00,0.005271,0.0393
2018/02/22 0:00,0.020871,0.1039
2018/02/23 0:00,0.001771,0.0264
2018/02/26 0:00,0.024471,0.1767
2018/02/27 0:00,-0.003929,0.135
2018/02/28 0:00,0.001671,0.105
2018/03/01 0:00,0.013471,0.014
2018/03/02 0:00,-0.007229,-0.0083
2018/03/05 0:00,0.005171,-0.0261
2018/03/06 0:00,0.01287,0.0419
2018/03/07 0:00,-0.00853,0.0508
2018/03/08 0:00,0.01097,0.0758
2018/03/09 0:00,0.01687,-0.014
2018/03/12 0:00,0.01347,0.0569
2018/03/13 0:00,-0.008129,-0.018
2018/03/14 0:00,-0.009729,0.0122
2018/03/15 0:00,-0.002529,0.02
2018/03/16 0:00,-0.006729,0.0603
2018/03/19 0:00,0.002871,0.0753
2018/03/20 0:00,0.002272,0.1052
2018/03/21 0:00,-0.008128,0.0982
2018/03/22 0:00,-0.005428,0.0675
2018/03/23 0:00,-0.048827,0.2191
2018/03/26 0:00,0.014673,0.0841
2018/03/27 0:00,0.023973,0.0234
2018/03/28 0:00,-0.010427,0.0733
2018/03/29 0:00,0.010876,-0.0141
2018/03/30 0:00,0.013978,-0.0635
2018/04/02 0:00,0.001779,0.1084
2018/04/03 0:00,-0.008419,-0.0563
2018/04/04 0:00,-0.006218,0.0659
2018/04/09 0:00,0.000183,0.2354
2018/04/10 0:00,0.005684,-0.0338
2018/04/11 0:00,0.005685,0.0396
2018/04/12 0:00,-0.006415,0.0121
2018/04/13 0:00,-0.003514,0.0769
2018/04/16 0:00,-0.005814,0.1493
2018/04/17 0:00,-0.024114,0.1458
2018/04/18 0:00,0.011788,0.8961
2018/04/19 0:00,0.006389,0.119
2018/04/20 0:00,-0.02201,0.0955
2018/04/23 0:00,-0.00861,-0.037
2018/04/24 0:00,0.024991,-0.183
2018/04/25 0:00,0.002991,0.0305
2018/04/26 0:00,-0.023409,-0.1782
2018/04/27 0:00,0.00319,-0.0097
2018/05/02 0:00,-0.00091,-0.1025
2018/05/03 0:00,0.010991,0.0524
2018/05/04 0:00,-0.002509,0.1114
2018/05/07 0:00,0.019991,-0.0121
2018/05/08 0:00,0.00839,-0.1128
2018/05/09 0:00,-0.00101,-0.1038
2018/05/10 0:00,0.005489,0.0152
2018/05/11 0:00,-0.011011,0.0298
2018/05/14 0:00,-0.000911,-0.005
2018/05/15 0:00,0.009788,-0.0559
2018/05/16 0:00,-0.004512,0.0315
2018/05/17 0:00,-0.005412,0.0157
2018/05/18 0:00,0.003786,0.0169
2018/05/21 0:00,0.011386,0.0501
2018/05/22 0:00,0.004086,0.1719
2018/05/23 0:00,-0.011714,0.0459
2018/05/24 0:00,-0.004415,0.0905
2018/05/25 0:00,-0.010015,0.079
2018/05/28 0:00,-0.002016,0.1533
2018/05/29 0:00,-0.011317,0.0098
2018/05/30 0:00,-0.030218,0.0263
2018/05/31 0:00,0.019581,0.0079
2018/06/01 0:00,-0.012719,-0.0025
2018/06/04 0:00,0.000981,-0.1126
2018/06/05 0:00,0.018381,-0.1081
2018/06/06 0:00,0.000681,-0.0403
2018/06/07 0:00,-0.006919,-0.0036
2018/06/08 0:00,-0.010219,0.0498
2018/06/11 0:00,-0.006319,0.0436
2018/06/12 0:00,0.011481,-0.0831
2018/06/13 0:00,-0.016619,-0.0032
2018/06/14 0:00,-0.005619,0.1296
2018/06/15 0:00,-0.018419,0.1737
2018/06/19 0:00,-0.062119,0.2009
2018/06/20 0:00,0.013381,0.009
2018/06/21 0:00,-0.022419,0.0613
2018/06/22 0:00,0.012582,0.0934
2018/06/25 0:00,-0.006517,0.0983
2018/06/26 0:00,0.005983,-0.0392
2018/06/27 0:00,-0.014216,0.0838
2018/06/28 0:00,-0.012915,0.1849
2018/06/29 0:00,0.035586,0.1772
2018/07/02 0:00,-0.017212,0.1899
2018/07/03 0:00,0.008191,0.036
2018/07/04 0:00,-0.021007,-0.035
2018/07/05 0:00,-0.023505,-0.0824
2018/07/06 0:00,0.005298,0.0038
2018/07/09 0:00,0.027299,-0.0462
2018/07/10 0:00,0.0079,-0.1053
2018/07/11 0:00,-0.0209,0.1278
2018/07/12 0:00,0.029301,0.0982
2018/07/13 0:00,0.005001,0.1062
2018/07/16 0:00,-0.000999,0.0989
2018/07/17 0:00,-0.001799,0.0456
2018/07/18 0:00,-0.008098,0.0632
2018/07/19 0:00,-0.008198,0.0474
2018/07/20 0:00,0.012003,-0.0259
2018/07/23 0:00,0.005604,-0.1125
2018/07/24 0:00,0.015905,-0.2313
2018/07/25 0:00,-0.000994,-0.0341
2018/07/26 0:00,-0.010192,0.0486
2018/07/27 0:00,-0.00699,0.0521
2018/07/30 0:00,-0.014689,0.0706
2018/07/31 0:00,-0.000287,0.1248
2018/08/01 0:00,-0.018185,0.046
2018/08/02 0:00,-0.025284,0.1343
2018/08/03 0:00,-0.018182,0.071
2018/08/06 0:00,-0.022081,0.0757
2018/08/07 0:00,0.029321,0.0194
2018/08/08 0:00,-0.019978,-0.151
2018/08/09 0:00,0.028323,-0.1775
2018/08/10 0:00,0.007223,-0.043
2018/08/13 0:00,0.003224,-0.1713
2018/08/14 0:00,-0.004777,-0.0137
2018/08/15 0:00,-0.022377,-0.0286
2018/08/16 0:00,-0.010377,-0.0057
2018/08/17 0:00,-0.017777,-0.2111
2018/08/20 0:00,0.006422,-0.0337
2018/08/21 0:00,0.014722,-0.0856
2018/08/22 0:00,-0.012179,0.0289
2018/08/23 0:00,0.006721,0.067
2018/08/24 0:00,-0.002179,0.0727
2018/08/27 0:00,0.026321,0.0252
2018/08/28 0:00,0.000621,-0.0954
2018/08/29 0:00,-0.005979,0.0328
2018/08/30 0:00,-0.015679,0.1004
2018/08/31 0:00,-0.011379,0.058
2018/09/03 0:00,-0.001879,-0.0207
2018/09/04 0:00,0.012121,-0.0623
2018/09/05 0:00,-0.017178,-0.0165
2018/09/06 0:00,-0.007378,-0.0297
2018/09/07 0:00,0.001022,0.0019
2018/09/10 0:00,-0.019678,-0.048
2018/09/11 0:00,0.001822,-0.2094
2018/09/12 0:00,-0.004278,-0.0381
2018/09/13 0:00,0.007822,0.0549
2018/09/14 0:00,-0.008478,0.0652
2018/09/17 0:00,-0.016377,0.1569
2018/09/18 0:00,0.017923,-0.0253
2018/09/19 0:00,0.014923,-0.0313
2018/09/20 0:00,-0.002077,-0.1701
2018/09/21 0:00,0.018823,-0.0314
2018/09/25 0:00,-0.006477,0.1655
2018/09/26 0:00,0.007522,0.0103
2018/09/27 0:00,-0.013678,0.1402
2018/09/28 0:00,0.008922,0.095
2018/10/08 0:00,-0.041078,0.0484
2018/10/09 0:00,-0.001077,0.0964
2018/10/10 0:00,-0.001577,0.0455
2018/10/11 0:00,-0.068677,0.1188
2018/10/12 0:00,0.002223,0.0971
2018/10/15 0:00,-0.012677,0.0447
2018/10/16 0:00,-0.020677,-0.0419
2018/10/17 0:00,0.009323,0.0771
2018/10/18 0:00,-0.028578,0.1181
2018/10/19 0:00,0.028522,0.0693
2018/10/22 0:00,0.053121,-0.0384
2018/10/23 0:00,-0.02098,-0.0303
2018/10/24 0:00,-0.00248,0.0853
2018/10/25 0:00,-0.003581,0.1722
2018/10/26 0:00,-0.002181,0.0116
2018/10/29 0:00,-0.020881,0.1004
2018/10/30 0:00,0.010019,0.0816
2018/10/31 0:00,0.014819,0.0173
2018/11/01 0:00,0.010118,0.0544
2018/11/02 0:00,0.036318,-0.1033
2018/11/05 0:00,-0.000182,0.0527
2018/11/06 0:00,-0.003482,0.0013
2018/11/07 0:00,-0.004182,0.1477
2018/11/08 0:00,-0.005182,0.1143
2018/11/09 0:00,-0.004582,-0.0108
2018/11/12 0:00,0.026018,0.0576
2018/11/13 0:00,0.016418,0.0557
2018/11/14 0:00,-0.004182,0.2242
2018/11/15 0:00,0.015418,0.1462
2018/11/16 0:00,0.008717,0.2135
2018/11/19 0:00,0.005517,0.2528
2018/11/20 0:00,-0.027984,-0.0805
2018/11/21 0:00,0.005416,0.0292
2018/11/22 0:00,-0.000584,-0.0287
2018/11/23 0:00,-0.036784,-0.0449
2018/11/26 0:00,-0.003285,0.0032
2018/11/27 0:00,0.004315,-0.0748
2018/11/28 0:00,0.014215,0.097
2018/11/29 0:00,-0.022085,0.107
2018/11/30 0:00,0.009515,0.0459
2018/12/03 0:00,0.033115,0.0178
2018/12/04 0:00,0.004314,0.1551
2018/12/05 0:00,-0.004986,0.1527
2018/12/06 0:00,-0.021886,0.0837
2018/12/07 0:00,0.000114,0.1214
2018/12/10 0:00,-0.013286,0.1131
2018/12/11 0:00,0.008414,0.1318
2018/12/12 0:00,0.001714,-0.0173
2018/12/13 0:00,0.011214,-0.0908
2018/12/14 0:00,-0.024686,-0.1021
2018/12/17 0:00,-0.003187,-0.1783
2018/12/18 0:00,-0.008387,-0.1546
2018/12/19 0:00,-0.013887,0.0137
2018/12/20 0:00,0.002012,0.2521
2018/12/21 0:00,-0.009688,-0.0372
2018/12/24 0:00,0.008712,0.0862
2018/12/25 0:00,-0.00819,0.0296
2018/12/26 0:00,-0.004191,0.1118
2018/12/27 0:00,-0.012191,0.0666
2018/12/28 0:00,0.002808,0.1253
2019/01/02 0:00,-0.00929,0.3417
2019/01/03 0:00,-0.008089,0.3887
2019/01/04 0:00,0.026712,0.0984
2019/01/07 0:00,0.017114,0.0152
2019/01/08 0:00,-0.001185,0.1291
2019/01/09 0:00,0.005216,0.1119
2019/01/10 0:00,-0.002783,0.0993
2019/01/11 0:00,0.007518,-0.009
2019/01/14 0:00,-0.007282,0.0082
2019/01/15 0:00,0.015219,-0.0665
2019/01/16 0:00,-0.001181,0.0982
2019/01/17 0:00,-0.00938,0.1875
2019/01/18 0:00,0.01022,-0.0551
2019/01/21 0:00,0.00612,0.0587
2019/01/22 0:00,-0.01178,-0.0596
2019/01/23 0:00,0.00152,0.0136
2019/01/24 0:00,0.00482,-0.002
2019/01/25 0:00,-0.00148,-0.0372
2019/01/28 0:00,-0.003579,-0.0219
2019/01/29 0:00,-0.010879,0.0677
2019/01/30 0:00,-0.012479,0.0811
2019/01/31 0:00,-0.006579,0.0674
2019/02/01 0:00,0.027621,0.0543
2019/02/11 0:00,0.029021,0.1081
2019/02/12 0:00,0.011921,0.0662
2019/02/13 0:00,0.018722,0.0248
2019/02/14 0:00,0.006722,-0.0362
2019/02/15 0:00,-0.006877,0.0359
2019/02/18 0:00,0.037123,-0.0359
2019/02/19 0:00,0.001724,-0.1138
2019/02/20 0:00,0.003224,-0.0428
2019/02/21 0:00,-0.002575,0.0095
2019/02/22 0:00,0.022825,-0.0359
2019/02/25 0:00,0.054425,-0.0527
2019/02/26 0:00,-0.004976,-0.2173
2019/02/27 0:00,-0.005876,-0.0177
2019/02/28 0:00,0.003625,0.0471
2019/03/01 0:00,0.012225,-0.0172
2019/03/04 0:00,0.022225,-0.0816
2019/03/05 0:00,0.022625,-0.0619
2019/03/06 0:00,0.014725,-0.04
2019/03/07 0:00,0.004425,0.0578
2019/03/08 0:00,-0.037975,0.2556
2019/03/11 0:00,0.039124,0.0019
2019/03/12 0:00,0.016724,-0.0638
2019/03/13 0:00,-0.022976,0.0816
2019/03/14 0:00,-0.022876,-0.0734
2019/03/15 0:00,0.014323,-0.0108
2019/03/18 0:00,0.027223,0.0443
2019/03/19 0:00,0.001723,0.0254
2019/03/20 0:00,-0.002478,-0.0114
2019/03/21 0:00,0.007622,-0.0024
2019/03/22 0:00,0.002222,0.0767
2019/03/25 0:00,-0.014478,0.1447
2019/03/26 0:00,-0.021777,0.1851
2019/03/27 0:00,0.009523,0.0372
2019/03/28 0:00,-0.008777,0.0682
2019/03/29 0:00,0.034223,0.0103
2019/04/01 0:00,0.036523,-0.2618
2019/04/02 0:00,0.001224,-0.1288
2019/04/03 0:00,0.008624,-0.2663
2019/04/04 0:00,0.004724,-0.3235
2019/04/08 0:00,-0.005675,0.0367
2019/04/09 0:00,0.007025,-0.0753
2019/04/10 0:00,-0.002075,-0.2327
2019/04/11 0:00,-0.021976,0.1532
2019/04/12 0:00,-0.001176,-0.0579
2019/04/15 0:00,-0.008376,-0.3794
2019/04/16 0:00,0.021024,-0.1819
2019/04/17 0:00,0.007124,-0.062
2019/04/18 0:00,-0.005977,0.0922
2019/04/19 0:00,0.009423,0.0739
2019/04/22 0:00,-0.015077,-0.0363
2019/04/23 0:00,-0.012878,-0.163
2019/04/24 0:00,0.011022,-0.0474
2019/04/25 0:00,-0.033979,-0.0694
2019/04/26 0:00,-0.013279,0.02
2019/04/29 0:00,-0.02398,0.0632
2019/04/30 0:00,0.00692,0.0224
2019/05/06 0:00,-0.07398,0.2476
2019/05/07 0:00,0.01632,0.0209
2019/05/08 0:00,-0.00668,0.1018
2019/05/09 0:00,-0.01298,0.1216
2019/05/10 0:00,0.039321,0.1662
2019/05/13 0:00,-0.010979,0.121
2019/05/14 0:00,-0.006279,0.0983
2019/05/15 0:00,0.023821,-0.0505
2019/05/16 0:00,0.004321,0.0701
2019/05/17 0:00,-0.033379,0.0871
2019/05/20 0:00,-0.007579,-0.0089
2019/05/21 0:00,0.018221,-0.0264
2019/05/22 0:00,-0.00508,-0.1271
2019/05/23 0:00,-0.024379,0.0505
2019/05/24 0:00,-0.00488,0.0788
2019/05/27 0:00,0.02532,-0.0137
2019/05/28 0:00,0.00542,-0.1102
2019/05/29 0:00,0.00002,0.1699
2019/05/30 0:00,-0.00628,0.1054
2019/05/31 0:00,-0.00008,0.0464
2019/06/03 0:00,-0.01028,0.1861
2019/06/04 0:00,-0.01448,0.124
2019/06/05 0:00,0.00042,0.0464
2019/06/06 0:00,-0.02078,0.0857
2019/06/10 0:00,0.01342,0.055
2019/06/11 0:00,0.037219,-0.1406
2019/06/12 0:00,-0.006481,-0.0801
2019/06/13 0:00,0.002619,0.0109
2019/06/14 0:00,-0.018181,0.1004
2019/06/17 0:00,-0.001881,0.1329
2019/06/18 0:00,0.001619,0.0033
2019/06/19 0:00,0.01472,-0.0313
2019/06/20 0:00,0.01962,0.0038
2019/06/21 0:00,0.013221,0.0955
2019/06/24 0:00,-0.000878,-0.0748
2019/06/25 0:00,-0.009977,0.0073
2019/06/26 0:00,-0.000076,0.01
2019/06/27 0:00,0.010925,-0.0124
2019/06/28 0:00,-0.009574,0.0616
2019/07/01 0:00,0.034627,0.0692
2019/07/02 0:00,0.001527,0.0727
2019/07/03 0:00,-0.011872,0.2086
2019/07/04 0:00,-0.005572,0.1545
2019/07/05 0:00,0.006229,0.0585
2019/07/08 0:00,-0.028971,-0.045
2019/07/09 0:00,0.002029,-0.0317
2019/07/10 0:00,-0.004671,0.0413
2019/07/11 0:00,-0.001271,0.0544
2019/07/12 0:00,0.005129,-0.0423
2019/07/15 0:00,0.010129,0.0384
2019/07/16 0:00,-0.000371,-0.0453
2019/07/17 0:00,0.001728,0.0081
2019/07/18 0:00,-0.016372,0.1229
2019/07/19 0:00,0.007528,-0.0138
2019/07/22 0:00,-0.017772,0.0783
2019/07/23 0:00,0.008828,0.0703
2019/07/24 0:00,0.011128,-0.0469
2019/07/25 0:00,0.006328,-0.0038
2019/07/26 0:00,0.000428,0.108
2019/07/29 0:00,0.001028,-0.0785
2019/07/30 0:00,0.004528,-0.022
2019/07/31 0:00,-0.006772,0.1098
2019/08/01 0:00,-0.005272,0.0412
2019/08/02 0:00,-0.014873,0.1905
2019/08/05 0:00,-0.014472,0.1798
2019/08/06 0:00,-0.017472,0.1763
2019/08/07 0:00,-0.004472,0.0926
2019/08/08 0:00,0.009828,0.043
2019/08/09 0:00,-0.012972,0.1038
2019/08/12 0:00,0.019728,0.0185
2019/08/13 0:00,-0.006972,0.0602
2019/08/14 0:00,0.006927,0.1219
2019/08/15 0:00,0.005327,0.041
2019/08/16 0:00,0.005527,0.0041
2019/08/19 0:00,0.030627,-0.0308
2019/08/20 0:00,0.001327,0.0166
2019/08/21 0:00,-0.000973,-0.0439
2019/08/22 0:00,0.003927,-0.1116
2019/08/23 0:00,-0.000174,-0.0149
2019/08/26 0:00,-0.007774,0.0773
2019/08/27 0:00,0.019126,-0.0176
2019/08/28 0:00,-0.000574,-0.0335
2019/08/29 0:00,-0.000974,0.0137
2019/08/30 0:00,-0.006674,0.0216
2019/09/02 0:00,0.021726,-0.0159
2019/09/03 0:00,0.006526,0.0114
2019/09/04 0:00,0.006426,0.0219
2019/09/05 0:00,0.009326,0.1278
2019/09/06 0:00,0.003326,0.0938
2019/09/09 0:00,0.019026,0.0546
2019/09/10 0:00,-0.001274,-0.0919
2019/09/11 0:00,-0.009474,-0.1157
2019/09/12 0:00,0.005826,-0.1043
2019/09/16 0:00,0.002226,-0.0239
2019/09/17 0:00,-0.020074,-0.0013
2019/09/18 0:00,0.002626,-0.06
2019/09/19 0:00,0.010326,-0.1069
2019/09/20 0:00,0.001626,0.0299
2019/09/23 0:00,-0.009175,0.0435
2019/09/24 0:00,0.003325,-0.0195
2019/09/25 0:00,-0.016175,-0.0743
2019/09/26 0:00,-0.025075,0.0048
2019/09/27 0:00,0.009125,-0.1362
2019/09/30 0:00,-0.010575,0.0513
2019/10/08 0:00,0.002125,0.0978
2019/10/09 0:00,0.006725,0.1316
2019/10/10 0:00,0.014126,-0.0128
2019/10/11 0:00,0.003026,-0.1425
2019/10/14 0:00,0.014325,-0.0901
2019/10/15 0:00,-0.011075,-0.0366
2019/10/16 0:00,-0.003875,0.0244
2019/10/17 0:00,0.000125,0.0505
2019/10/18 0:00,-0.011875,-0.049
2019/10/21 0:00,-0.001276,-0.1274
2019/10/22 0:00,0.010123,-0.0781
2019/10/23 0:00,-0.007977,-0.0283
2019/10/24 0:00,-0.001377,-0.0216
2019/10/25 0:00,0.010022,0.0109
2019/10/28 0:00,0.015822,-0.2325
2019/10/29 0:00,-0.009478,-0.1037
2019/10/30 0:00,-0.008478,-0.0781
2019/10/31 0:00,-0.007579,0.0562
2019/11/01 0:00,0.012921,0.0568
2019/11/04 0:00,0.00602,0.043
2019/11/05 0:00,0.00542,0.0305
2019/11/06 0:00,-0.008781,0.1718
2019/11/07 0:00,0.006319,0.002
2019/11/08 0:00,-0.001981,-0.0266
2019/11/11 0:00,-0.022581,0.0318
2019/11/12 0:00,0.001619,0.1083
2019/11/13 0:00,0.000118,0.0461
2019/11/14 0:00,0.006118,0.0302
2019/11/15 0:00,-0.011383,0.0367
2019/11/18 0:00,0.007017,0.1838
2019/11/19 0:00,0.018317,0.1932
2019/11/20 0:00,-0.007083,0.1058
2019/11/21 0:00,-0.002483,0.0381
2019/11/22 0:00,-0.014583,0.0636
2019/11/25 0:00,-0.004383,-0.0624
2019/11/26 0:00,0.003317,-0.0059
2019/11/27 0:00,-0.002183,0.0177
2019/11/28 0:00,-0.002583,0.0255
2019/11/29 0:00,-0.002983,0.0421
2019/12/02 0:00,0.002317,-0.0378
2019/12/03 0:00,0.005417,-0.0684
2019/12/04 0:00,0.002017,0.0644
2019/12/05 0:00,0.011517,0.0064
2019/12/06 0:00,0.008217,0.0015
2019/12/09 0:00,0.000017,-0.0247
2019/12/10 0:00,0.003817,0.071
2019/12/11 0:00,-0.004483,0.0333
2019/12/12 0:00,-0.001883,0.0376
2019/12/13 0:00,0.014917,-0.0183
2019/12/16 0:00,0.015517,0.0255
2019/12/17 0:00,0.013217,-0.0127
2019/12/18 0:00,0.000317,-0.0376
2019/12/19 0:00,0.002017,0.025
2019/12/20 0:00,-0.007383,0.1347
2019/12/23 0:00,-0.019183,0.1272
2019/12/24 0:00,0.013817,0.1339
2019/12/25 0:00,0.003817,0.0384
2019/12/26 0:00,0.007217,0.152
2019/12/27 0:00,-0.006783,0.1751
2019/12/30 0:00,0.009217,-0.062
2019/12/31 0:00,0.005517,0.0911
2020/01/02 0:00,0.019218,-0.0003
2020/01/03 0:00,0.002519,-0.1162
2020/01/06 0:00,0.00442,-0.0354
2020/01/07 0:00,0.013121,-0.0106
2020/01/08 0:00,-0.012479,0.0218
2020/01/09 0:00,0.017521,0.0606
2020/01/10 0:00,-0.001578,0.113
2020/01/13 0:00,0.013722,0.1028
2020/01/14 0:00,-0.002278,0.0088
2020/01/15 0:00,-0.002178,0.0043
2020/01/16 0:00,-0.001479,0.0157
2020/01/17 0:00,-0.002879,0.0492
2020/01/20 0:00,0.013122,0.1667
2020/01/21 0:00,-0.012878,0.1663
2020/01/22 0:00,0.007222,0.1513
2020/01/23 0:00,-0.034578,0.1814
2020/02/03 0:00,-0.084178,1.1383
2020/02/04 0:00,0.018323,0.0451
2020/02/05 0:00,0.024823,-0.1
2020/02/06 0:00,0.029024,0.0612
2020/02/07 0:00,0.005125,0.185
2020/02/10 0:00,0.012125,0.119
2020/02/11 0:00,0.000427,-0.0508
2020/02/12 0:00,0.015528,-0.1627
2020/02/13 0:00,-0.007671,0.0418
2020/02/14 0:00,0.00443,-0.0855
2020/02/17 0:00,0.03173,-0.1097
2020/02/18 0:00,0.011231,-0.0117
2020/02/19 0:00,-0.005469,-0.0058
2020/02/20 0:00,0.021432,-0.0645
2020/02/21 0:00,0.011232,0.0351
2020/02/24 0:00,0.013632,0.1462
2020/02/25 0:00,0.005033,0.121
2020/02/26 0:00,-0.027267,0.0419
2020/02/27 0:00,0.002333,0.0924
2020/02/28 0:00,-0.049367,0.209
2020/03/02 0:00,0.037734,0.2237
2020/03/03 0:00,0.010235,-0.0612
2020/03/04 0:00,0.003536,0.2227
2020/03/05 0:00,0.017737,0.1308
2020/03/06 0:00,-0.007462,0.1888
2020/03/09 0:00,-0.038061,0.4884
2020/03/10 0:00,0.024239,0.2269
2020/03/11 0:00,-0.014961,-0.3146
2020/03/12 0:00,-0.022161,-0.1102
2020/03/13 0:00,-0.01076,-0.1977
2020/03/16 0:00,-0.04846,-0.0979
2020/03/17 0:00,-0.004159,-0.1115
2020/03/18 0:00,-0.015458,-0.117
2020/03/19 0:00,0.002842,-0.1044
2020/03/20 0:00,0.012743,-0.0063
2020/03/23 0:00,-0.042657,0.1087
2020/03/24 0:00,0.020944,0.3656
2020/03/25 0:00,0.029245,0.0427
2020/03/26 0:00,-0.007954,0.1833
2020/03/27 0:00,-0.004654,0.0951
2020/03/30 0:00,-0.021153,-0.08
2020/03/31 0:00,0.005047,0.0271
2020/04/01 0:00,-0.003553,0.1013
2020/04/02 0:00,0.022548,0.0863
2020/04/03 0:00,-0.004751,-0.1548
2020/04/07 0:00,0.031853,0.4487
2020/04/08 0:00,-0.001645,0.1922
2020/04/09 0:00,0.008457,0.158
2020/04/10 0:00,-0.019341,-0.0432
2020/04/13 0:00,-0.007941,-0.113
2020/04/14 0:00,0.02226,0.0376
2020/04/15 0:00,-0.00534,0.1118
2020/04/16 0:00,0.004761,0.1174
2020/04/17 0:00,0.003462,0.0018
2020/04/20 0:00,0.009962,-0.0488
2020/04/21 0:00,-0.008238,-0.098
2020/04/22 0:00,0.010562,0.0245
2020/04/23 0:00,-0.005038,0.2278
2020/04/24 0:00,-0.014738,0.3247
2020/04/27 0:00,0.000662,0.1084
2020/04/28 0:00,-0.003038,0.0051
2020/04/29 0:00,-0.000938,0.1169
2020/04/30 0:00,0.018962,0.0351
2020/05/06 0:00,0.015362,-0.1056
2020/05/07 0:00,-0.001038,-0.1042
2020/05/08 0:00,0.011862,-0.4044
2020/05/11 0:00,-0.002338,-0.2978
2020/05/12 0:00,0.003562,-0.098
2020/05/13 0:00,0.006862,0.0025
2020/05/14 0:00,-0.009338,-0.1341
2020/05/15 0:00,0.001762,0.0346
2020/05/18 0:00,-0.004138,-0.0139
2020/05/19 0:00,0.012862,-0.1642
2020/05/20 0:00,-0.009638,-0.0311
2020/05/21 0:00,-0.009438,0.0686
2020/05/22 0:00,-0.020138,0.2677
2020/05/25 0:00,-0.000838,0.0818
2020/05/26 0:00,0.022162,-0.2045
2020/05/27 0:00,-0.008639,-0.4362
2020/05/28 0:00,-0.002639,0.1333
2020/05/29 0:00,0.00956,-0.0534
2020/06/01 0:00,0.03186,0.1271
2020/06/02 0:00,0.00206,-0.4275
2020/06/03 0:00,0.000359,-0.5324
2020/06/04 0:00,0.002758,0.0225
2020/06/05 0:00,0.002156,-0.2579
2020/06/08 0:00,0.000155,0.1122
2020/06/09 0:00,0.006653,0.0983
2020/06/10 0:00,0.00305,0.0904
2020/06/11 0:00,-0.005152,0.2693
2020/06/12 0:00,0.002946,0.149
2020/06/15 0:00,-0.002854,0.0718
2020/06/16 0:00,0.017745,-0.6836
2020/06/17 0:00,0.002944,-0.2063
2020/06/18 0:00,0.002443,0.0841
2020/06/19 0:00,0.012043,0.0067
2020/06/22 0:00,0.002843,-0.0302
2020/06/23 0:00,0.005642,-0.1454
2020/06/24 0:00,0.000142,0.2191
2020/06/29 0:00,-0.004358,0.1133
2020/06/30 0:00,0.018842,-0.0578
2020/07/01 0:00,0.007942,0.1207
2020/07/02 0:00,0.012542,-0.0389
2020/07/03 0:00,0.012842,-0.3882
2020/07/06 0:00,0.039142,-0.6025
2020/07/07 0:00,0.017142,-0.1616
2020/07/08 0:00,0.018842,-0.2287
2020/07/09 0:00,0.027042,-0.4045
2020/07/10 0:00,-0.003059,0.2452
2020/07/13 0:00,0.034841,-0.0736
2020/07/14 0:00,-0.00846,0.2659
2020/07/15 0:00,-0.020661,0.1874
2020/07/16 0:00,-0.052063,0.3336
2020/07/17 0:00,0.006935,-0.007
2020/07/20 0:00,0.026834,-0.0071
2020/07/21 0:00,0.007232,0.0847
2020/07/22 0:00,0.008431,0.2
2020/07/23 0:00,-0.00017,0.0877
2020/07/24 0:00,-0.05007,0.1427
2020/07/27 0:00,0.002729,0.008
2020/07/28 0:00,0.013729,-0.1965
2020/07/29 0:00,0.029129,-0.1444
2020/07/30 0:00,-0.004271,-0.2228
2020/07/31 0:00,0.013329,-0.0888
2020/08/03 0:00,0.026029,-0.0122
2020/08/04 0:00,-0.006371,0.0651
2020/08/05 0:00,0.008029,0.0377
2020/08/06 0:00,-0.006271,-0.1486
2020/08/07 0:00,-0.013771,-0.1261
2020/08/10 0:00,0.002129,0.013
2020/08/11 0:00,-0.014971,0.1441
2020/08/12 0:00,-0.012771,-0.0543
2020/08/13 0:00,0.000529,0.0639
2020/08/14 0:00,0.012429,0.1824
2020/08/17 0:00,0.019229,0.1028
2020/08/18 0:00,0.004829,-0.0543
2020/08/19 0:00,-0.019571,-0.1884
2020/08/20 0:00,-0.012471,-0.0865
2020/08/21 0:00,0.010829,-0.0314
2020/08/24 0:00,0.012529,0.0521
2020/08/25 0:00,0.002529,-0.1262
2020/08/26 0:00,-0.019672,-0.1912
2020/08/27 0:00,0.009228,-0.115
2020/08/28 0:00,0.018728,-0.0851
2020/08/31 0:00,-0.004272,0.0647
2020/09/01 0:00,0.006328,0.1234
2020/09/02 0:00,0.003928,-0.0987
2020/09/03 0:00,-0.008973,-0.2256
2020/09/04 0:00,-0.004973,0.0399
2020/09/07 0:00,-0.022473,-0.125
2020/09/08 0:00,0.003526,0.0405
2020/09/09 0:00,-0.032374,0.0866
2020/09/10 0:00,-0.021374,0.1712
2020/09/11 0:00,0.016426,-0.0725
2020/09/14 0:00,0.011326,-0.1336
2020/09/15 0:00,0.007326,0.0403
2020/09/16 0:00,-0.009174,0.0356
2020/09/17 0:00,0.000726,-0.0248
2020/09/18 0:00,0.014627,0.0082
2020/09/21 0:00,-0.005273,0.0831
2020/09/22 0:00,-0.010973,0.1818
2020/09/23 0:00,0.008327,0.0234
2020/09/24 0:00,-0.024373,0.0235
2020/09/25 0:00,-0.002473,-0.0796
2020/09/28 0:00,-0.007773,-0.0746
2020/09/29 0:00,0.009926,-0.0236
2020/09/30 0:00,0.000426,-0.0748
2020/10/09 0:00,0.030926,-0.1012
2020/10/12 0:00,0.033225,-0.2025
2020/10/13 0:00,0.006525,0.0261
2020/10/14 0:00,-0.005676,-0.0094
2020/10/15 0:00,-0.007076,-0.0904
2020/10/16 0:00,-0.005076,-0.0616
2020/10/19 0:00,-0.007777,0.1094
2020/10/20 0:00,0.013622,0.0789
2020/10/21 0:00,-0.011078,0.0535
2020/10/22 0:00,-0.004879,0.1139
2020/10/23 0:00,-0.018979,0.0277
2020/10/26 0:00,0.00492,-0.0191
2020/10/27 0:00,0.00502,0.0474
2020/10/28 0:00,0.006819,0.0255
2020/10/29 0:00,0.004619,0.0147
2020/10/30 0:00,-0.022981,-0.0059
2020/11/02 0:00,0.011518,0.0756
2020/11/03 0:00,0.014218,0.0457
2020/11/04 0:00,0.003118,0.0375
2020/11/05 0:00,0.016518,0.0843
2020/11/06 0:00,-0.007682,-0.0486
2020/11/09 0:00,0.022518,-0.1047
2020/11/10 0:00,-0.010682,-0.0662
2020/11/11 0:00,-0.019482,-0.035
2020/11/12 0:00,0.004218,-0.062
2020/11/13 0:00,-0.002382,-0.1596
2020/11/16 0:00,0.009218,0.0205
2020/11/17 0:00,-0.008982,-0.0494
2020/11/18 0:00,-0.003582,-0.1751
2020/11/19 0:00,0.006217,-0.1172
2020/11/20 0:00,0.005917,0.023
2020/11/23 0:00,0.005317,0.2337
2020/11/24 0:00,-0.003484,-0.0364
2020/11/25 0:00,-0.017584,0.0623
2020/11/26 0:00,-0.003985,-0.0409
2020/11/27 0:00,0.003314,-0.0142
2020/11/30 0:00,-0.001586,0.3417
2020/12/01 0:00,0.016315,-0.1146
2020/12/02 0:00,0.001515,-0.1172
2020/12/03 0:00,-0.000085,0.0183
2020/12/04 0:00,0.005016,0.1165
2020/12/07 0:00,-0.003184,-0.0363
2020/12/08 0:00,-0.000484,0.1272
2020/12/09 0:00,-0.018884,0.0112
2020/12/10 0:00,0.001017,0.0223
2020/12/11 0:00,-0.013283,-0.1787
2020/12/14 0:00,0.010518,-0.0573
2020/12/15 0:00,0.003918,0.1122
2020/12/16 0:00,-0.003481,0.0087
2020/12/17 0:00,0.00932,-0.0364
2020/12/18 0:00,-0.003178,-0.0342
2020/12/21 0:00,0.018623,0.1602
2020/12/22 0:00,-0.017677,0.3139
2020/12/23 0:00,0.007324,0.0106
2020/12/24 0:00,-0.011276,-0.0861
2020/12/25 0:00,0.008124,0.1705
2020/12/28 0:00,-0.000676,0.1391
2020/12/29 0:00,-0.006576,0.091
2020/12/30 0:00,0.013425,0.1449
2020/12/31 0:00,0.017924,-0.0748
2021/01/04 0:00,0.024825,-0.133
2021/01/05 0:00,0.014925,0.1609
2021/01/06 0:00,-0.000274,0.0696
2021/01/07 0:00,0.002027,0.1396
2021/01/08 0:00,-0.002872,-0.1195
2021/01/11 0:00,-0.018272,-0.0998
2021/01/12 0:00,0.018529,0.0607
2021/01/13 0:00,-0.010971,0.1893
2021/01/14 0:00,-0.013971,0.2306
2021/01/15 0:00,0.002729,-0.2375
2021/01/18 0:00,0.014729,-0.136
2021/01/19 0:00,-0.00977,0.0172
2021/01/20 0:00,0.014229,0.0405
2021/01/21 0:00,0.015229,0.1988
2021/01/22 0:00,0.002629,0.0866
2021/01/25 0:00,0.002629,0.0272
2021/01/26 0:00,-0.019871,-0.2859
2021/01/27 0:00,0.002728,0.0344
2021/01/28 0:00,-0.028274,-0.1697
2021/01/29 0:00,-0.007276,0.0055
2021/02/01 0:00,0.012224,0.0936
2021/02/02 0:00,0.016224,-0.026
2021/02/03 0:00,-0.008676,-0.2115
2021/02/04 0:00,-0.011676,-0.1126
2021/02/05 0:00,-0.009176,-0.0013
2021/02/08 0:00,0.012224,0.0141
2021/02/09 0:00,0.024423,0.0931
2021/02/10 0:00,0.017223,-0.1376
2021/02/18 0:00,-0.003977,-0.1818
2021/02/19 0:00,0.007223,0.1419
2021/02/22 0:00,-0.021178,-0.0204
2021/02/23 0:00,-0.008778,0.0297
2021/02/24 0:00,-0.020478,0.0621
2021/02/25 0:00,-0.005178,-0.1046
2021/02/26 0:00,-0.018078,-0.0547
2021/03/01 0:00,0.024123,0.197
2021/03/02 0:00,-0.007077,0.0422
2021/03/03 0:00,0.012823,-0.0008
2021/03/04 0:00,-0.029176,0.0013
2021/03/05 0:00,0.001524,0.0904
2021/03/08 0:00,-0.032475,0.1196
2021/03/09 0:00,-0.028575,-0.0623
2021/03/10 0:00,0.002025,0.0775
2021/03/11 0:00,0.023625,-0.0392
2021/03/12 0:00,0.001626,-0.0135
2021/03/15 0:00,-0.021474,-0.0815
2021/03/16 0:00,0.010826,0.1029
2021/03/17 0:00,0.009826,0.0198
2021/03/18 0:00,0.008626,-0.002
2021/03/19 0:00,-0.019074,0.0919
2021/03/22 0:00,0.012526,0.077
2021/03/23 0:00,-0.011474,0.0194
2021/03/24 0:00,-0.014173,0.2259
2021/03/25 0:00,-0.000273,-0.0105
2021/03/26 0:00,0.022427,-0.0332
2021/03/29 0:00,0.001628,-0.0258
2021/03/30 0:00,0.004728,0.0268
2021/03/31 0:00,-0.005572,0.0576
2021/04/01 0:00,0.011028,-0.0137
2021/04/02 0:00,0.008828,0.0451
2021/04/06 0:00,0.001928,-0.045
2021/04/07 0:00,-0.003472,-0.0933
2021/04/08 0:00,0.000028,-0.0123
2021/04/09 0:00,-0.009572,0.0661
2021/04/12 0:00,-0.021571,0.1628
2021/04/13 0:00,-0.000671,0.2391
2021/04/14 0:00,0.014029,0.0092
2021/04/15 0:00,-0.005471,-0.0034
2021/04/16 0:00,0.006129,0.0321
2021/04/19 0:00,0.024329,0.0722
2021/04/20 0:00,-0.000871,0.0892
2021/04/21 0:00,0.001829,0.0299
2021/04/22 0:00,0.004729,-0.035
2021/04/23 0:00,0.004429,-0.0083
2021/04/26 0:00,-0.007671,-0.1958
2021/04/27 0:00,-0.000371,-0.0252
2021/04/28 0:00,0.008629,0.0563
2021/04/29 0:00,0.002029,0.0417
2021/04/30 0:00,-0.002771,0.1656
2021/05/06 0:00,-0.009771,0.1236
2021/05/07 0:00,-0.01687,0.0308
2021/05/10 0:00,0.00173,0.0302
2021/05/11 0:00,0.003431,0.129
2021/05/12 0:00,0.008731,0.0738
2021/05/13 0:00,-0.008269,-0.0397
2021/05/14 0:00,0.018031,0.031
2021/05/17 0:00,0.011731,0.0158
2021/05/18 0:00,0.001731,-0.0192
2021/05/19 0:00,0.001431,0.1679
2021/05/20 0:00,0.001332,0.1547
2021/05/21 0:00,-0.004668,0.1643
2021/05/24 0:00,0.007532,-0.0044
2021/05/25 0:00,0.019032,0.0002
2021/05/26 0:00,-0.000568,0.0985
2021/05/27 0:00,0.007732,-0.0596
2021/05/28 0:00,-0.002568,-0.0723
2021/05/31 0:00,0.010832,0.0455
2021/06/01 0:00,0.004032,0.1214
2021/06/02 0:00,-0.011868,-0.1339
2021/06/03 0:00,-0.003667,0.0034
2021/06/04 0:00,0.006033,-0.1376
2021/06/07 0:00,0.002433,-0.1586
2021/06/08 0:00,-0.008767,0.0269
2021/06/09 0:00,0.001233,-0.0242
2021/06/10 0:00,0.010833,0.0794
2021/06/11 0:00,-0.006067,-0.1089
2021/06/15 0:00,-0.008467,0.0086
2021/06/16 0:00,-0.023567,-0.0072
2021/06/17 0:00,0.011533,-0.0476
2021/06/18 0:00,0.008133,0.0758
2021/06/21 0:00,0.007433,0.2242
2021/06/22 0:00,0.005033,0.0649
2021/06/23 0:00,0.007733,0.068
2021/06/24 0:00,-0.005067,0.0038
2021/06/25 0:00,0.011033,-0.0149
2021/06/28 0:00,0.008833,-0.0416
2021/06/29 0:00,-0.009167,0.0003
2021/06/30 0:00,0.010233,0.08
2021/07/01 0:00,-0.010067,-0.031
2021/07/02 0:00,-0.018867,0.04
2021/07/05 0:00,0.007133,0.0539
2021/07/06 0:00,-0.003267,-0.0137
2021/07/07 0:00,0.016733,0.168
2021/07/08 0:00,-0.005067,0.4514
2021/07/09 0:00,0.000433,-0.0463
2021/07/12 0:00,0.019833,0.3504
2021/07/13 0:00,0.002634,0.1658
2021/07/14 0:00,-0.008766,0.0962
2021/07/15 0:00,0.003434,-0.2398
2021/07/16 0:00,-0.010066,0.109
2021/07/19 0:00,-0.000866,0.0236
2021/07/20 0:00,0.001634,0.1196
2021/07/21 0:00,0.014534,0.0987
2021/07/22 0:00,0.004434,-0.0411
2021/07/23 0:00,-0.014366,0.0974
2021/07/26 0:00,-0.022866,0.1972
2021/07/27 0:00,-0.033566,-0.0966
2021/07/28 0:00,-0.007766,-0.0082
2021/07/29 0:00,0.030634,0.1317
2021/07/30 0:00,0.000534,0.3482
2021/08/02 0:00,0.021534,0.1869
2021/08/03 0:00,-0.005366,-0.0895
2021/08/04 0:00,0.017035,-0.0493
2021/08/05 0:00,-0.007665,0.1874
2021/08/06 0:00,-0.001765,-0.0581
2021/08/09 0:00,0.008135,-0.3131
2021/08/10 0:00,0.012335,-0.0283
2021/08/11 0:00,0.001235,-0.1111
2021/08/12 0:00,-0.003565,0.1098
2021/08/13 0:00,-0.003965,-0.0039
2021/08/16 0:00,-0.005965,-0.0635
2021/08/17 0:00,-0.025265,0.0301
2021/08/18 0:00,0.008435,0.2122
2021/08/19 0:00,0.001936,0.1051
2021/08/20 0:00,-0.011864,-0.0077
2021/08/23 0:00,0.023536,-0.0907
2021/08/24 0:00,0.007636,0.0334
2021/08/25 0:00,0.004436,0.107
2021/08/26 0:00,-0.015564,-0.2228
2021/08/27 0:00,0.000836,0.0394
2021/08/30 0:00,0.000535,0.1214
2021/08/31 0:00,-0.004765,0.0242
2021/09/01 0:00,-0.005065,0.2431
2021/09/02 0:00,0.004035,-0.0078
2021/09/03 0:00,-0.005665,-0.0031
2021/09/06 0:00,0.020335,0.0089
2021/09/07 0:00,0.011035,-0.1575
2021/09/08 0:00,0.000735,-0.0947
2021/09/09 0:00,0.000635,-0.0318
2021/09/10 0:00,0.003135,0.0455
2021/09/13 0:00,-0.000465,-0.0724
2021/09/14 0:00,-0.004665,-0.1331
2021/09/15 0:00,-0.001265,-0.0141
2021/09/16 0:00,-0.019765,0.0551
2021/09/17 0:00,0.003335,0.0955
2021/09/22 0:00,-0.002565,0.1785
2021/09/23 0:00,0.004635,0.0635
2021/09/24 0:00,-0.007166,-0.0334
2021/09/27 0:00,-0.011566,0.0064
2021/09/28 0:00,-0.001866,-0.0875
2021/09/29 0:00,-0.023066,0.0163
2021/09/30 0:00,0.020333,0.0497
2021/10/08 0:00,0.007733,-0.1943
2021/10/11 0:00,-0.004366,-0.321
2021/10/12 0:00,-0.016566,-0.0061
2021/10/13 0:00,0.012934,0.0062
2021/10/14 0:00,0.002034,0.0414
2021/10/15 0:00,0.000334,-0.0451
2021/10/18 0:00,0.000634,-0.4016
2021/10/19 0:00,0.008533,0.0991
2021/10/20 0:00,-0.001267,0.0352
2021/10/21 0:00,-0.001667,0.2321
2021/10/22 0:00,-0.001467,-0.0273
2021/10/25 0:00,0.008433,-0.0062
2021/10/26 0:00,-0.003667,0.0416
2021/10/27 0:00,-0.011467,0.039
2021/10/28 0:00,-0.014867,0.053
2021/10/29 0:00,0.015833,0.0195
2021/11/01 0:00,0.004833,0.1873
2021/11/02 0:00,-0.008167,0.1855
2021/11/03 0:00,0.000533,-0.0342
2021/11/04 0:00,0.013133,0.0611
2021/11/05 0:00,-0.007767,0.2792
2021/11/08 0:00,0.004733,-0.0216
2021/11/09 0:00,0.007533,0.0009
2021/11/10 0:00,-0.002567,0.0091
2021/11/11 0:00,0.011333,-0.1268
2021/11/12 0:00,0.003833,0.0456
2021/11/15 0:00,-0.001967,0.1364
2021/11/16 0:00,-0.005267,-0.0073
2021/11/17 0:00,0.011032,-0.062
2021/11/18 0:00,-0.006568,0.1087
2021/11/19 0:00,0.011932,-0.1251
2021/11/22 0:00,0.014132,0.1188
2021/11/23 0:00,-0.002068,-0.0041
2021/11/24 0:00,-0.000068,0.16
2021/11/25 0:00,-0.003368,0.0326
2021/11/26 0:00,-0.002068,0.183
2021/11/29 0:00,0.003832,0.0017
2021/11/30 0:00,0.000732,0.0064
2021/12/01 0:00,0.001832,-0.0485
2021/12/02 0:00,-0.006368,-0.1194
2021/12/03 0:00,0.007132,-0.1448
2021/12/06 0:00,-0.012368,0.3609
2021/12/07 0:00,-0.007368,-0.1519
2021/12/08 0:00,0.017632,-0.1064
2021/12/09 0:00,0.008632,0.0416
2021/12/10 0:00,0.001332,0.0889
2021/12/13 0:00,0.006032,-0.0711
2021/12/14 0:00,-0.001368,0.1239
2021/12/15 0:00,-0.005668,0.0054
2021/12/16 0:00,0.006132,-0.1016
2021/12/17 0:00,-0.014268,0.0792
2021/12/20 0:00,-0.018168,-0.0269
2021/12/21 0:00,0.010332,0.0059
2021/12/22 0:00,0.006132,0.1448
2021/12/23 0:00,0.001632,0.1511
2021/12/24 0:00,-0.013268,-0.0543
2021/12/27 0:00,0.000832,0.1425
2021/12/28 0:00,0.008232,0.0567
2021/12/29 0:00,-0.008068,0.1075
2021/12/30 0:00,0.009031,0.167
2021/12/31 0:00,0.005332,-0.0086
