code,date,close
20,2000/01/28,7.26
20,2000/02/29,8.52
20,2000/03/31,12.82
20,2000/04/27,11.35
20,2000/05/31,10.8
20,2000/06/30,11.56
20,2000/07/31,12.35
20,2000/08/31,18.03
20,2000/09/29,18.77
20,2000/10/31,22.24
20,2000/11/30,22.02
20,2000/12/29,21.64
20,2001/01/19,18.96
20,2001/02/28,16.96
20,2001/03/30,19.94
20,2001/04/30,21.22
20,2001/05/31,20.79
20,2001/06/29,20.65
20,2001/07/31,19.91
20,2001/08/31,20.49
20,2001/09/28,19.89
20,2001/10/31,19.55
20,2001/11/30,16.71
20,2001/12/31,17.63
20,2002/01/31,15.97
20,2002/02/28,15.69
20,2002/03/29,13.42
20,2002/04/30,14.19
20,2002/05/31,13.03
20,2002/06/28,14
20,2002/07/31,13.15
20,2002/08/30,13.05
20,2002/09/27,11.63
20,2002/10/31,11.09
20,2002/11/29,9.85
20,2002/12/31,8.83
20,2003/01/29,10.24
20,2003/02/28,10.41
20,2003/03/31,9.57
20,2003/04/30,8.12
20,2003/05/30,8.23
20,2003/06/30,7.46
20,2003/07/31,7.18
20,2003/08/29,8.53
20,2003/09/30,7.68
20,2003/10/31,6.5
20,2003/11/28,6.6
20,2003/12/31,5.85
20,2004/01/30,7.33
20,2004/02/27,8.25
20,2004/03/31,8.89
20,2004/04/30,6.31
20,2004/05/31,6.72
20,2004/06/30,4.27
20,2004/07/30,4.04
20,2004/08/31,4.29
20,2004/09/30,4.08
20,2004/10/29,4.56
20,2004/11/30,4.12
20,2004/12/31,2.99
20,2005/01/31,2.71
20,2005/02/28,2.97
20,2005/03/31,2.5
20,2005/04/29,2.35
20,2005/05/31,2.85
20,2005/06/30,2.51
20,2005/07/29,2.36
20,2005/08/31,3.1
20,2005/09/30,3.05
20,2005/10/31,2.8
20,2005/11/30,2.79
20,2005/12/30,2.88
20,2006/01/25,3.2
20,2006/02/27,2.95
20,2006/03/31,2.96
20,2006/04/28,2.78
20,2006/05/31,3.96
20,2006/06/30,3.83
20,2006/07/31,3.65
20,2006/08/31,3.59
20,2006/09/29,3.96
20,2006/10/31,3.83
20,2006/11/06,3.75
20,2006/12/29,3.75
20,2007/01/31,3.75
20,2007/02/28,3.75
20,2007/03/30,3.75
20,2007/04/30,3.75
20,2007/05/31,10
20,2007/06/28,6.34
20,2007/07/31,6.4
20,2007/08/31,7.22
20,2007/09/28,7.98
20,2007/10/31,7.29
20,2007/11/30,6.54
20,2007/12/28,7.49
20,2008/01/31,6.96
20,2008/02/29,7.09
20,2008/03/31,5.75
20,2008/04/30,5.8
20,2008/05/05,6.08
20,2008/06/30,6.08
20,2008/07/31,4.72
20,2008/08/29,2.94
20,2008/09/26,2.53
20,2008/10/31,1.91
20,2008/11/28,2.21
20,2008/12/31,2.4
20,2009/01/23,2.79
20,2009/02/27,3.6
20,2009/03/31,4.12
20,2009/04/30,5.19
20,2009/05/27,6.15
20,2009/06/29,6.4
20,2009/07/31,7.35
20,2009/08/31,5.96
20,2009/09/30,6.41
20,2009/10/30,7.11
20,2009/11/30,12.4
20,2009/12/31,11.02
20,2010/01/29,9.24
20,2010/02/26,9.75
20,2010/03/31,11.25
20,2010/04/30,8.8
20,2010/05/31,9.85
20,2010/06/30,7.86
20,2010/07/30,9.37
20,2010/08/31,10.95
20,2010/09/30,10.18
20,2010/10/29,10.58
20,2010/11/30,10.17
20,2010/12/31,9.42
20,2011/01/28,8.6
20,2011/02/28,9.41
20,2011/03/31,9.53
20,2011/04/29,8.9
20,2011/05/31,8.27
20,2011/06/29,8.21
20,2011/07/29,8.22
20,2011/08/31,7.78
20,2011/09/30,6.7
20,2011/10/31,6.8
20,2011/11/30,6.8
20,2011/12/30,5.27
20,2012/01/31,5.47
20,2012/02/29,6.2
20,2012/03/30,5.86
20,2012/04/27,7.06
20,2012/05/31,7.79
20,2012/06/29,7.18
20,2012/07/31,6.08
20,2012/08/31,6.14
20,2012/09/28,6.3
20,2012/10/31,6.2
20,2012/11/30,5.28
20,2012/12/31,6.22
20,2013/01/31,6.53
20,2013/02/28,6.61
20,2013/03/29,6.14
20,2013/04/26,6.15
20,2013/05/31,6.6
20,2013/06/28,5.38
20,2013/07/31,6.35
20,2013/08/30,6.52
20,2013/09/30,6.62
20,2013/10/31,6.26
20,2013/11/29,6.76
20,2013/12/31,6.55
20,2014/01/30,6.5
20,2014/02/28,6.62
20,2014/03/31,7.71
20,2014/04/16,8.32
20,2014/05/30,7.57
20,2014/06/23,8.03
20,2014/07/31,8.03
20,2014/08/29,8.03
20,2014/09/30,8.03
20,2014/10/31,8.03
20,2014/11/28,8.03
20,2014/12/31,8.03
20,2015/01/30,8.03
20,2015/02/27,8.03
20,2015/03/31,13.83
20,2015/04/30,15.1
20,2015/05/29,20.71
20,2015/06/30,28.03
20,2015/07/31,15.33
20,2015/08/31,15.88
20,2015/09/30,13.06
20,2015/10/30,31.25
20,2015/11/30,30.5
20,2015/12/31,29.92
20,2016/01/28,20
20,2016/02/29,21.97
20,2016/03/31,23.9
20,2016/04/29,23.3
20,2016/05/31,20.16
20,2016/06/30,21.72
20,2016/07/29,18.82
20,2016/08/31,22.19
20,2016/09/30,21.8
20,2016/10/31,22.1
20,2016/11/30,25.4
20,2016/12/30,22.39
20,2017/01/26,20.26
20,2017/02/28,21.08
20,2017/03/31,24.03
20,2017/04/28,22.26
20,2017/05/26,19.2
20,2017/06/30,19.2
20,2017/07/31,19.2
20,2017/08/31,19.47
20,2017/09/29,18.76
20,2017/10/31,21.22
20,2017/11/30,14.99
20,2017/12/29,14.15
20,2018/01/31,12.4
20,2018/02/28,11.15
20,2018/03/30,15.06
20,2018/04/27,13.54
20,2018/05/31,14.87
20,2018/06/29,14.14
20,2018/07/31,13.97
20,2018/08/31,11.88
20,2018/09/28,11.83
20,2018/10/31,10.1
20,2018/11/30,10.6
20,2018/12/28,10.46
20,2019/01/31,9.9
20,2019/02/28,12.1
20,2019/03/29,12.5
20,2019/04/30,11.76
20,2019/05/31,11.19
20,2019/06/28,10.92
20,2019/07/31,10.48
20,2019/08/30,11.04
20,2019/09/30,11.07
20,2019/10/31,10.67
20,2019/11/29,10.23
20,2019/12/31,10.67
20,2020/01/23,10.22
20,2020/02/28,9.7
20,2020/03/31,9.07
20,2020/04/30,9.04
20,2020/05/29,9.72
20,2020/06/30,11.47
20,2020/07/31,13.19
20,2020/08/31,12.28
20,2020/09/30,12.14
20,2020/10/30,10.05
20,2020/11/30,10
20,2020/12/31,9.99
20,2021/01/29,8.4
20,2021/02/26,8.71
20,2021/03/31,9.4
20,2021/04/30,8.97
20,2021/05/31,9.11
20,2021/06/30,9.81
20,2021/07/30,9.6
20,2021/08/31,9.02
20,2021/09/30,8.87
20,2021/10/29,8.72
20,2021/11/30,8.95
20,2021/12/31,9.16
420,2000/01/28,7.37
420,2000/02/29,7.74
420,2000/03/31,8.17
420,2000/04/28,8
420,2000/05/31,8.4
420,2000/06/30,7.71
420,2000/07/31,8.65
420,2000/08/31,8.59
420,2000/09/29,7.99
420,2000/10/31,8.07
420,2000/11/30,8.5
420,2000/12/29,8.21
420,2001/01/19,8.73
420,2001/02/28,8.31
420,2001/03/30,8.73
420,2001/04/30,8.4
420,2001/05/31,8.91
420,2001/06/29,9.14
420,2001/07/31,7.42
420,2001/08/31,6.69
420,2001/09/28,6.39
420,2001/10/31,6.42
420,2001/11/30,6.5
420,2001/12/31,6.04
420,2002/01/31,4.46
420,2002/02/28,4.7
420,2002/03/29,5.14
420,2002/04/30,5.72
420,2002/05/31,5.86
420,2002/06/28,6.92
420,2002/07/31,6.76
420,2002/08/30,6.87
420,2002/09/27,6
420,2002/10/31,5.61
420,2002/11/29,5.05
420,2002/12/31,4.64
420,2003/01/29,5.24
420,2003/02/28,5.47
420,2003/03/31,5.12
420,2003/04/30,4.94
420,2003/05/30,5
420,2003/06/30,4.75
420,2003/07/31,4.48
420,2003/08/29,4.3
420,2003/09/30,4.45
420,2003/10/31,4.37
420,2003/11/28,4.91
420,2003/12/31,4.92
420,2004/01/30,5.18
420,2004/02/27,5.78
420,2004/03/31,6.26
420,2004/04/30,5.7
420,2004/05/31,5.23
420,2004/06/30,4.47
420,2004/07/30,4.97
420,2004/08/31,4.77
420,2004/09/30,5.24
420,2004/10/29,4.66
420,2004/11/30,4.55
420,2004/12/31,3.98
420,2005/01/31,3.48
420,2005/02/28,3.9
420,2005/03/31,3.42
420,2005/04/29,2.78
420,2005/05/31,2.66
420,2005/06/30,2.75
420,2005/07/29,2.4
420,2005/08/31,2.92
420,2005/09/30,2.76
420,2005/10/31,2.42
420,2005/11/30,2.43
420,2005/12/30,2.4
420,2006/01/13,2.58
420,2006/02/28,2.58
420,2006/03/17,2.63
420,2006/04/28,1.87
420,2006/05/31,2.49
420,2006/06/30,2.46
420,2006/07/31,2.28
420,2006/08/31,2.38
420,2006/09/29,2.57
420,2006/10/31,2.57
420,2006/11/30,2.48
420,2006/12/29,2.51
420,2007/01/31,3.09
420,2007/02/28,4.07
420,2007/03/30,5.26
420,2007/04/30,8.78
420,2007/05/31,9.82
420,2007/06/29,6.33
420,2007/07/31,9.07
420,2007/08/31,9.48
420,2007/09/28,12.3
420,2007/10/31,11.03
420,2007/11/30,9.31
420,2007/12/28,11.24
420,2008/01/31,10.22
420,2008/02/29,10.72
420,2008/03/31,6.97
420,2008/04/30,5.13
420,2008/05/30,5.33
420,2008/06/30,3.73
420,2008/07/31,3.99
420,2008/08/29,3.06
420,2008/09/26,2.82
420,2008/10/31,2.1
420,2008/11/28,2.26
420,2008/12/31,2.24
420,2009/01/23,2.54
420,2009/02/27,2.81
420,2009/03/31,3.34
420,2009/04/30,3.96
420,2009/05/27,4.08
420,2009/06/30,4.04
420,2009/07/31,4.84
420,2009/08/31,4.05
420,2009/09/30,4.18
420,2009/10/30,4.72
420,2009/11/30,5.55
420,2009/12/31,5.64
420,2010/01/29,5.51
420,2010/02/26,6.25
420,2010/03/31,6.16
420,2010/04/30,6.22
420,2010/05/31,5.55
420,2010/06/30,4.9
420,2010/07/30,5.2
420,2010/08/31,5.47
420,2010/09/30,6.02
420,2010/10/29,6.41
420,2010/11/30,7.26
420,2010/12/31,8.41
420,2011/01/31,7.39
420,2011/02/28,8.8
420,2011/03/31,8.64
420,2011/04/29,7.4
420,2011/05/31,7.03
420,2011/06/30,6.96
420,2011/07/29,6.24
420,2011/08/31,5.78
420,2011/09/30,5
420,2011/10/31,4.8
420,2011/11/30,5.69
420,2011/12/30,3.67
420,2012/01/31,3.77
420,2012/02/29,3.95
420,2012/03/30,3.72
420,2012/04/27,3.63
420,2012/05/31,3.34
420,2012/06/29,3.18
420,2012/07/31,2.44
420,2012/08/31,2.92
420,2012/09/25,2.93
420,2012/10/31,2.94
420,2012/11/30,2.95
420,2012/12/31,3.15
420,2013/01/31,3.67
420,2013/02/28,3.71
420,2013/03/29,3.77
420,2013/04/26,3.53
420,2013/05/31,3.54
420,2013/06/28,3
420,2013/07/31,2.88
420,2013/08/30,3.15
420,2013/09/30,3.36
420,2013/10/31,3.15
420,2013/11/29,3.38
420,2013/12/31,3.15
420,2014/01/30,2.95
420,2014/02/28,3.02
420,2014/03/31,3.31
420,2014/04/30,4.2
420,2014/05/30,4.12
420,2014/06/30,4.08
420,2014/07/31,5.07
420,2014/08/29,5
420,2014/09/30,5.8
420,2014/10/31,5.74
420,2014/11/28,5.95
420,2014/12/31,5.15
420,2015/01/30,5.11
420,2015/02/27,5.35
420,2015/03/31,6.68
420,2015/04/30,7.43
420,2015/05/26,9.15
420,2015/06/30,10.58
420,2015/07/31,6.61
420,2015/08/31,6.26
420,2015/09/30,5.39
420,2015/10/30,6.68
420,2015/11/30,6.7
420,2015/12/31,7.65
420,2016/01/29,6.8
420,2016/02/29,8
420,2016/03/31,8.05
420,2016/04/29,7.17
420,2016/05/31,6.8
420,2016/06/30,6.68
420,2016/07/29,6.62
420,2016/08/31,8.1
420,2016/09/30,7.97
420,2016/10/31,4.05
420,2016/11/30,4.03
420,2016/12/30,3.9
420,2017/01/26,3.85
420,2017/02/28,4.25
420,2017/03/31,3.97
420,2017/04/28,3.63
420,2017/05/31,3.06
420,2017/06/30,3.06
420,2017/07/31,3.5
420,2017/08/31,3.32
420,2017/09/29,3.51
420,2017/10/31,3.24
420,2017/11/30,3.2
420,2017/12/29,3.13
420,2018/01/31,3.06
420,2018/02/28,3
420,2018/03/30,2.82
420,2018/04/27,2.72
420,2018/05/31,2.63
420,2018/06/29,2.51
420,2018/07/31,2.44
420,2018/08/31,2.24
420,2018/09/28,2.06
420,2018/10/31,1.88
420,2018/11/30,1.96
420,2018/12/28,1.9
420,2019/01/31,1.9
420,2019/02/28,2.4
420,2019/03/29,2.96
420,2019/04/30,2.48
420,2019/05/31,2.88
420,2019/06/28,2.67
420,2019/07/31,2.59
420,2019/08/30,2.33
420,2019/09/30,2.23
420,2019/10/31,2.17
420,2019/11/29,2.16
420,2019/12/31,2.16
420,2020/01/23,2.11
420,2020/02/28,2.38
420,2020/03/31,2.1
420,2020/04/30,2.21
420,2020/05/29,2.03
420,2020/06/30,2.06
420,2020/07/31,2.1
420,2020/08/31,2.14
420,2020/09/30,2.03
420,2020/10/30,1.99
420,2020/11/30,2.06
420,2020/12/31,1.89
420,2021/01/29,1.93
420,2021/02/26,2.33
420,2021/03/31,2.81
420,2021/04/30,3.05
420,2021/05/31,3.17
420,2021/06/30,3.56
420,2021/07/30,2.98
420,2021/08/31,4.67
420,2021/09/30,4.81
420,2021/10/29,4.06
420,2021/11/30,6.17
420,2021/12/31,5.27
600120,2000/01/28,31.29
600120,2000/02/29,33.71
600120,2000/03/31,35.4
600120,2000/04/28,37.15
600120,2000/05/31,31.35
600120,2000/06/30,33.93
600120,2000/07/31,35.5
600120,2000/08/31,34.38
600120,2000/09/29,34.84
600120,2000/10/31,38.56
600120,2000/11/30,38.77
600120,2000/12/29,38
600120,2001/01/19,38.9
600120,2001/02/28,38.93
600120,2001/03/30,25.54
600120,2001/04/30,23.99
600120,2001/05/31,24.15
600120,2001/06/29,25.03
600120,2001/07/31,22.2
600120,2001/08/31,20.53
600120,2001/09/28,20.74
600120,2001/10/31,19.9
600120,2001/11/30,20.1
600120,2001/12/31,21.12
600120,2002/01/31,19.35
600120,2002/02/28,19.47
600120,2002/03/29,20.14
600120,2002/04/30,15.8
600120,2002/05/31,15.17
600120,2002/06/28,15.15
600120,2002/07/31,16.35
600120,2002/08/30,15.09
600120,2002/09/27,14.65
600120,2002/10/31,14.69
600120,2002/11/29,14.3
600120,2002/12/31,14.47
600120,2003/01/29,14.42
600120,2003/02/28,14.53
600120,2003/03/31,14.83
600120,2003/04/30,14.02
600120,2003/05/30,14.17
600120,2003/06/27,9.7
600120,2003/07/31,9.15
600120,2003/08/29,9.64
600120,2003/09/30,11.3
600120,2003/10/31,10.57
600120,2003/11/28,9.48
600120,2003/12/31,4.86
600120,2004/01/30,5.62
600120,2004/02/27,6.45
600120,2004/03/31,6.78
600120,2004/04/30,5.51
600120,2004/05/31,5.76
600120,2004/06/30,4.42
600120,2004/07/30,4.08
600120,2004/08/31,3.96
600120,2004/09/30,4.3
600120,2004/10/29,3.81
600120,2004/11/30,4.04
600120,2004/12/31,3.66
600120,2005/01/31,3.03
600120,2005/02/28,3.43
600120,2005/03/31,2.94
600120,2005/04/29,2.98
600120,2005/05/31,2.74
600120,2005/06/30,2.7
600120,2005/07/29,2.24
600120,2005/08/31,2.63
600120,2005/09/30,2.5
600120,2005/10/31,2.43
600120,2005/11/30,2.44
600120,2005/12/30,2.58
600120,2006/01/25,2.08
600120,2006/02/28,2.12
600120,2006/03/31,2.24
600120,2006/04/28,2.26
600120,2006/05/31,2.99
600120,2006/06/30,3.14
600120,2006/07/31,2.96
600120,2006/08/31,2.91
600120,2006/09/29,2.96
600120,2006/10/31,2.9
600120,2006/11/30,2.98
600120,2006/12/29,3.09
600120,2007/01/31,3.84
600120,2007/02/28,5.15
600120,2007/03/30,5.74
600120,2007/04/30,10.95
600120,2007/05/31,10.58
600120,2007/06/29,6.4
600120,2007/07/31,9.59
600120,2007/08/31,12.18
600120,2007/09/28,14.66
600120,2007/10/31,10.66
600120,2007/11/30,9.8
600120,2007/12/28,12.47
600120,2008/01/31,10.48
600120,2008/02/29,11.65
600120,2008/03/31,9.22
600120,2008/04/30,8.94
600120,2008/05/30,7.56
600120,2008/06/30,5.14
600120,2008/07/31,5.67
600120,2008/08/29,4.76
600120,2008/09/26,3.97
600120,2008/10/31,3.05
600120,2008/11/28,3.31
600120,2008/12/31,3.45
600120,2009/01/23,3.9
600120,2009/02/27,5.28
600120,2009/03/31,5.78
600120,2009/04/30,5.74
600120,2009/05/27,6.25
600120,2009/06/30,6.59
600120,2009/07/31,7.4
600120,2009/08/31,5.77
600120,2009/09/30,5.99
600120,2009/10/30,6.49
600120,2009/11/30,9.31
600120,2009/12/31,9.64
600120,2010/01/29,11.4
600120,2010/02/26,11.22
600120,2010/03/31,10.9
600120,2010/04/30,11.05
600120,2010/05/31,9.23
600120,2010/06/30,7.66
600120,2010/07/30,8.76
600120,2010/08/31,9.34
600120,2010/09/30,8.85
600120,2010/10/29,9.27
600120,2010/11/30,9.21
600120,2010/12/31,8.64
600120,2011/01/31,8.04
600120,2011/02/28,8.81
600120,2011/03/31,8.85
600120,2011/04/29,9.15
600120,2011/05/31,8.45
600120,2011/06/30,8.61
600120,2011/07/29,8.92
600120,2011/08/31,9.03
600120,2011/09/30,7.55
600120,2011/10/31,8.19
600120,2011/11/30,8.22
600120,2011/12/30,7.13
600120,2012/01/31,6.78
600120,2012/02/29,7.56
600120,2012/03/30,8.05
600120,2012/04/27,12.97
600120,2012/05/31,10.49
600120,2012/06/29,9.14
600120,2012/07/31,8.85
600120,2012/08/31,9.19
600120,2012/09/28,8.45
600120,2012/10/31,8.38
600120,2012/11/30,7.03
600120,2012/12/31,8.55
600120,2013/01/31,9.14
600120,2013/02/28,9.97
600120,2013/03/29,11.86
600120,2013/04/26,11.95
600120,2013/05/31,14.16
600120,2013/06/28,11.11
600120,2013/07/31,12.68
600120,2013/08/30,14.98
600120,2013/09/30,13.18
600120,2013/10/31,12.94
600120,2013/11/29,13.41
600120,2013/12/31,12.55
600120,2014/01/30,11.77
600120,2014/02/28,11.99
600120,2014/03/31,11.25
600120,2014/04/30,11.2
600120,2014/05/30,10.86
600120,2014/06/30,11.3
600120,2014/07/31,12.04
600120,2014/08/29,12.51
600120,2014/09/30,13.09
600120,2014/10/31,16.21
600120,2014/11/28,18.27
600120,2014/12/31,18.72
600120,2015/01/30,22.05
600120,2015/02/27,25.02
600120,2015/03/31,32.67
600120,2015/04/30,31.61
600120,2015/05/29,39.15
600120,2015/06/30,33.89
600120,2015/07/31,27.19
600120,2015/08/31,20.02
600120,2015/09/30,18.04
600120,2015/10/09,19.86
600120,2015/11/30,19.86
600120,2015/12/31,19.86
600120,2016/01/29,19.86
600120,2016/02/29,19.86
600120,2016/03/31,19.86
600120,2016/04/29,19.86
600120,2016/05/31,19.86
600120,2016/06/30,21.71
600120,2016/07/29,36.15
600120,2016/08/31,36.12
600120,2016/09/30,29.71
600120,2016/10/31,32.02
600120,2016/11/30,29.71
600120,2016/12/30,28.92
600120,2017/01/26,28.13
600120,2017/02/28,29.22
600120,2017/03/31,27.61
600120,2017/04/28,26.53
600120,2017/05/31,25.47
600120,2017/06/30,26.88
600120,2017/07/31,26.95
600120,2017/08/31,25.81
600120,2017/09/29,27.75
600120,2017/10/31,26.68
600120,2017/11/30,25.21
600120,2017/12/29,24.61
600120,2018/01/31,23.55
600120,2018/02/28,20.59
600120,2018/03/30,21.61
600120,2018/04/27,20.16
600120,2018/05/31,19.47
600120,2018/06/29,13.55
600120,2018/07/31,13.65
600120,2018/08/31,12.43
600120,2018/09/28,12.8
600120,2018/10/31,11.62
600120,2018/11/30,13.31
600120,2018/12/28,12.56
600120,2019/01/31,12.61
600120,2019/02/28,15.99
600120,2019/03/29,17.9
600120,2019/04/30,16.54
600120,2019/05/31,16.77
600120,2019/06/28,12.74
600120,2019/07/31,12.79
600120,2019/08/30,12.33
600120,2019/09/30,11.69
600120,2019/10/31,8.09
600120,2019/11/29,8.02
600120,2019/12/31,8.73
600120,2020/01/23,9.21
600120,2020/02/28,9.32
600120,2020/03/31,8.55
600120,2020/04/30,9.55
600120,2020/05/29,6.29
600120,2020/06/30,6.87
600120,2020/07/31,7.31
600120,2020/08/31,7.09
600120,2020/09/30,7.07
600120,2020/10/30,6.94
600120,2020/11/30,6.74
600120,2020/12/31,5.97
600120,2021/01/29,5.62
600120,2021/02/26,5.62
600120,2021/03/31,5.57
600120,2021/04/30,5.58
600120,2021/05/31,5.81
600120,2021/06/30,4.28
600120,2021/07/30,3.79
600120,2021/08/31,4.13
600120,2021/09/30,4.26
600120,2021/10/29,4.07
600120,2021/11/30,4.4
600120,2021/12/31,4.42
600220,2000/01/28,19.58
600220,2000/02/29,20.74
600220,2000/03/31,24.04
600220,2000/04/27,26.68
600220,2000/05/31,27.88
600220,2000/06/30,15.88
600220,2000/07/31,17.23
600220,2000/08/31,16.11
600220,2000/09/29,16.52
600220,2000/10/31,16.99
600220,2000/11/30,17.17
600220,2000/12/29,16.7
600220,2001/01/19,16.41
600220,2001/02/28,14.91
600220,2001/03/30,15.56
600220,2001/04/30,15
600220,2001/05/31,14.98
600220,2001/06/29,14.7
600220,2001/07/31,13.25
600220,2001/08/31,12.55
600220,2001/09/28,12.59
600220,2001/10/31,11.5
600220,2001/11/30,11.43
600220,2001/12/31,10.56
600220,2002/01/31,9.71
600220,2002/02/28,10
600220,2002/03/29,10.7
600220,2002/04/30,11.52
600220,2002/05/31,9.95
600220,2002/06/28,11.1
600220,2002/07/31,10.74
600220,2002/08/30,11.26
600220,2002/09/27,10.52
600220,2002/10/31,9.9
600220,2002/11/29,9
600220,2002/12/31,8.4
600220,2003/01/29,9.52
600220,2003/02/28,9.45
600220,2003/03/31,9.5
600220,2003/04/30,9.65
600220,2003/05/30,9.55
600220,2003/06/30,9.81
600220,2003/07/31,6.85
600220,2003/08/29,6.94
600220,2003/09/30,6.92
600220,2003/10/31,6.32
600220,2003/11/28,6.49
600220,2003/12/31,6.47
600220,2004/01/30,7.06
600220,2004/02/27,8.39
600220,2004/03/31,8.98
600220,2004/04/30,8.45
600220,2004/05/31,8.58
600220,2004/06/30,3.54
600220,2004/07/30,3.82
600220,2004/08/31,3.4
600220,2004/09/29,3.8
600220,2004/10/29,3.19
600220,2004/11/30,3.3
600220,2004/12/31,3.15
600220,2005/01/31,2.86
600220,2005/02/28,3.35
600220,2005/03/31,2.53
600220,2005/04/29,2.31
600220,2005/05/30,2.04
600220,2005/06/30,2.01
600220,2005/07/29,1.77
600220,2005/08/31,2
600220,2005/09/30,1.94
600220,2005/10/31,1.94
600220,2005/11/30,1.91
600220,2005/12/30,2.07
600220,2006/01/20,2.42
600220,2006/02/17,2.35
600220,2006/03/31,2.27
600220,2006/04/28,2.37
600220,2006/05/31,6.86
600220,2006/06/30,5.71
600220,2006/07/31,4.77
600220,2006/08/31,5.35
600220,2006/09/29,4.94
600220,2006/10/27,4.42
600220,2006/11/30,4.4
600220,2006/12/29,4.14
600220,2007/01/31,5.37
600220,2007/02/28,6.8
600220,2007/03/30,8.46
600220,2007/04/30,10.74
600220,2007/05/31,11.51
600220,2007/06/29,8.26
600220,2007/07/31,11.91
600220,2007/08/31,11.41
600220,2007/09/28,10.59
600220,2007/10/31,9.29
600220,2007/11/30,9.53
600220,2007/12/28,11
600220,2008/01/31,9.09
600220,2008/02/29,11.2
600220,2008/03/31,14.88
600220,2008/04/30,8.37
600220,2008/05/30,7.83
600220,2008/06/27,6.5
600220,2008/07/31,7.3
600220,2008/08/29,5.44
600220,2008/09/26,4.74
600220,2008/10/31,3.15
600220,2008/11/27,3.59
600220,2008/12/31,3.73
600220,2009/01/23,4.42
600220,2009/02/27,4.55
600220,2009/03/31,6.03
600220,2009/04/30,5.66
600220,2009/05/27,6.36
600220,2009/06/30,6.16
600220,2009/07/31,6.31
600220,2009/08/31,4.73
600220,2009/09/30,4.94
600220,2009/10/30,5.16
600220,2009/11/30,6.29
600220,2009/12/31,5.79
600220,2010/01/28,5.32
600220,2010/02/26,5.59
600220,2010/03/31,6.89
600220,2010/04/30,6.13
600220,2010/05/31,5.93
600220,2010/06/30,5.05
600220,2010/07/30,5.48
600220,2010/08/31,6
600220,2010/09/30,6.16
600220,2010/10/29,6.6
600220,2010/11/30,5.53
600220,2010/12/31,5.18
600220,2011/01/31,4.88
600220,2011/02/28,5.78
600220,2011/03/31,5.48
600220,2011/04/29,5.15
600220,2011/05/31,5.1
600220,2011/06/30,5.04
600220,2011/07/29,4.92
600220,2011/08/31,4.55
600220,2011/09/30,4.01
600220,2011/10/31,4.04
600220,2011/11/30,3.7
600220,2011/12/30,2.85
600220,2012/01/31,2.95
600220,2012/02/29,3.28
600220,2012/03/30,3.32
600220,2012/04/27,3.49
600220,2012/05/31,3.45
600220,2012/06/29,3.03
600220,2012/07/31,2.77
600220,2012/08/31,2.67
600220,2012/09/28,2.65
600220,2012/10/31,2.85
600220,2012/11/30,2.56
600220,2012/12/31,2.81
600220,2013/01/31,2.87
600220,2013/02/28,2.88
600220,2013/03/29,2.55
600220,2013/04/26,2.36
600220,2013/05/31,2.57
600220,2013/06/28,2.19
600220,2013/07/31,2.29
600220,2013/08/30,2.36
600220,2013/09/30,2.5
600220,2013/10/31,2.51
600220,2013/11/29,2.53
600220,2013/12/31,2.42
600220,2014/01/30,2.51
600220,2014/02/28,2.65
600220,2014/03/31,3.5
600220,2014/04/30,3.03
600220,2014/05/30,2.96
600220,2014/06/30,2.97
600220,2014/07/31,3.48
600220,2014/08/29,3.3
600220,2014/09/30,3.82
600220,2014/10/31,3.99
600220,2014/11/28,4.04
600220,2014/12/31,3.9
600220,2015/01/30,3.8
600220,2015/02/27,4
600220,2015/03/31,5.29
600220,2015/04/30,7.25
600220,2015/05/29,8.67
600220,2015/06/30,8.29
600220,2015/07/31,6
600220,2015/08/31,5.91
600220,2015/09/30,4.68
600220,2015/10/30,6
600220,2015/11/30,5.39
600220,2015/12/31,5.74
600220,2016/01/29,3.91
600220,2016/02/29,3.79
600220,2016/03/31,4.36
600220,2016/04/29,4.23
600220,2016/05/31,4.14
600220,2016/06/30,4.56
600220,2016/07/29,4.28
600220,2016/08/31,4.42
600220,2016/09/30,4.38
600220,2016/10/31,4.5
600220,2016/11/30,4.58
600220,2016/12/30,4.34
600220,2017/01/26,4.21
600220,2017/02/28,4.28
600220,2017/03/31,4.1
600220,2017/04/28,3.89
600220,2017/05/31,3.43
600220,2017/06/30,3.43
600220,2017/07/31,3.47
600220,2017/08/31,3.48
600220,2017/09/29,3.57
600220,2017/10/31,3.5
600220,2017/11/30,3.22
600220,2017/12/29,3.06
600220,2018/01/31,3.02
600220,2018/02/28,2.75
600220,2018/03/30,2.74
600220,2018/04/27,2.63
600220,2018/05/31,2.46
600220,2018/06/29,2.12
600220,2018/07/31,2.19
600220,2018/08/31,2.17
600220,2018/09/28,2.19
600220,2018/10/31,2.04
600220,2018/11/30,2.2
600220,2018/12/28,2.1
600220,2019/01/31,2.19
600220,2019/02/28,2.75
600220,2019/03/29,3.21
600220,2019/04/30,2.76
600220,2019/05/31,2.64
600220,2019/06/28,2.41
600220,2019/07/31,2.27
600220,2019/08/30,2.27
600220,2019/09/30,2.15
600220,2019/10/31,2.19
600220,2019/11/29,2.14
600220,2019/12/31,2.28
600220,2020/01/23,2.17
600220,2020/02/28,2.63
600220,2020/03/31,2.19
600220,2020/04/30,2.15
600220,2020/05/29,2.65
600220,2020/06/30,2.78
600220,2020/07/31,3.24
600220,2020/08/31,3.36
600220,2020/09/30,2.4
600220,2020/10/30,2.22
600220,2020/11/30,2.76
600220,2020/12/31,2.85
600220,2021/01/29,2.19
600220,2021/02/26,2.36
600220,2021/03/31,2.33
600220,2021/04/30,2.33
600220,2021/05/31,2.25
600220,2021/06/30,2.16
600220,2021/07/30,2.04
600220,2021/08/31,2.3
600220,2021/09/30,2.36
600220,2021/10/29,2.18
600220,2021/11/30,2.4
600220,2021/12/31,2.66
600320,2000/12/29,14.05
600320,2001/01/19,15.05
600320,2001/02/28,14.12
600320,2001/03/30,14.6
600320,2001/04/30,14.91
600320,2001/05/31,15.9
600320,2001/06/29,16.81
600320,2001/07/31,15.2
600320,2001/08/31,15.97
600320,2001/09/28,15.1
600320,2001/10/31,14.55
600320,2001/11/30,14.89
600320,2001/12/31,14.09
600320,2002/01/31,12.98
600320,2002/02/28,13.2
600320,2002/03/29,13.1
600320,2002/04/30,12.94
600320,2002/05/31,10.56
600320,2002/06/28,13.51
600320,2002/07/31,12.79
600320,2002/08/30,12.6
600320,2002/09/27,12.26
600320,2002/10/31,11.65
600320,2002/11/29,11.06
600320,2002/12/31,10.31
600320,2003/01/29,10.75
600320,2003/02/28,10.89
600320,2003/03/31,11.76
600320,2003/04/30,10.84
600320,2003/05/30,11.04
600320,2003/06/30,10.81
600320,2003/07/31,11.85
600320,2003/08/29,11.94
600320,2003/09/30,11.38
600320,2003/10/31,11.94
600320,2003/11/28,12.41
600320,2003/12/31,13.9
600320,2004/01/30,14.61
600320,2004/02/27,17.61
600320,2004/03/31,17.9
600320,2004/04/30,16.95
600320,2004/05/31,8.93
600320,2004/06/30,8.13
600320,2004/07/30,9.34
600320,2004/08/31,8.52
600320,2004/09/30,10
600320,2004/10/29,10.96
600320,2004/11/30,9.93
600320,2004/12/31,9.18
600320,2005/01/31,10.53
600320,2005/02/28,11.54
600320,2005/03/31,11.22
600320,2005/04/29,12.52
600320,2005/05/31,9.04
600320,2005/06/30,9.37
600320,2005/07/29,6.45
600320,2005/08/31,6.95
600320,2005/09/30,8.3
600320,2005/10/31,8.75
600320,2005/11/30,7.42
600320,2005/12/30,8.48
600320,2006/01/25,11.05
600320,2006/02/28,12.35
600320,2006/03/31,12.75
600320,2006/04/28,16.37
600320,2006/05/31,17.21
600320,2006/06/30,19.74
600320,2006/07/31,9.56
600320,2006/08/31,9.41
600320,2006/09/29,8.62
600320,2006/10/31,8.35
600320,2006/11/30,10.37
600320,2006/12/29,11.76
600320,2007/01/31,13.1
600320,2007/02/28,14.22
600320,2007/03/30,16.58
600320,2007/04/30,18.29
600320,2007/05/31,18.3
600320,2007/06/29,19.87
600320,2007/07/31,22.1
600320,2007/08/31,26.27
600320,2007/09/28,29.98
600320,2007/10/31,27.9
600320,2007/11/30,22.49
600320,2007/12/28,25.38
600320,2008/01/31,19.92
600320,2008/02/29,20.49
600320,2008/03/27,15.49
600320,2008/04/30,16.68
600320,2008/05/30,14.46
600320,2008/06/30,10.37
600320,2008/07/31,12.75
600320,2008/08/29,9.99
600320,2008/09/26,11.12
600320,2008/10/31,6.7
600320,2008/11/28,7.21
600320,2008/12/31,8.17
600320,2009/01/23,8.99
600320,2009/02/27,9.24
600320,2009/03/31,11.76
600320,2009/04/30,12
600320,2009/05/27,11.71
600320,2009/06/30,10.4
600320,2009/07/31,12.88
600320,2009/08/31,9.79
600320,2009/09/30,9.75
600320,2009/10/30,10.21
600320,2009/11/30,10.34
600320,2009/12/31,10.34
600320,2010/01/29,9.27
600320,2010/02/26,9.08
600320,2010/03/31,8.9
600320,2010/04/30,7.29
600320,2010/05/31,6.78
600320,2010/06/30,6.11
600320,2010/07/30,7.31
600320,2010/08/31,6.69
600320,2010/09/30,6.31
600320,2010/10/29,7.49
600320,2010/11/30,6.62
600320,2010/12/31,6.53
600320,2011/01/31,7.29
600320,2011/02/28,8.21
600320,2011/03/31,7.54
600320,2011/04/29,6.79
600320,2011/05/31,6.73
600320,2011/06/30,6.65
600320,2011/07/29,6.26
600320,2011/08/31,5.45
600320,2011/09/30,5.68
600320,2011/10/31,6.11
600320,2011/11/30,5.37
600320,2011/12/30,4.7
600320,2012/01/31,4.9
600320,2012/02/29,5.17
600320,2012/03/30,4.52
600320,2012/04/27,4.75
600320,2012/05/31,4.71
600320,2012/06/29,4.22
600320,2012/07/31,3.89
600320,2012/08/31,3.59
600320,2012/09/28,3.4
600320,2012/10/31,3.39
600320,2012/11/30,3.12
600320,2012/12/31,3.39
600320,2013/01/31,3.38
600320,2013/02/28,3.4
600320,2013/03/29,3.18
600320,2013/04/26,3.05
600320,2013/05/31,3.43
600320,2013/06/28,2.85
600320,2013/07/31,2.85
600320,2013/08/30,3.46
600320,2013/09/30,3.5
600320,2013/10/31,3.43
600320,2013/11/29,3.82
600320,2013/12/31,3.54
600320,2014/01/30,3.37
600320,2014/02/28,3.35
600320,2014/03/31,3.37
600320,2014/04/30,3.32
600320,2014/05/30,3.25
600320,2014/06/30,3.19
600320,2014/07/31,3.42
600320,2014/08/29,3.48
600320,2014/09/30,4.46
600320,2014/10/31,4.49
600320,2014/11/28,5.6
600320,2014/12/31,7.33
600320,2015/01/30,6.33
600320,2015/02/27,6.53
600320,2015/03/31,8.22
600320,2015/04/30,9.41
600320,2015/05/29,9.53
600320,2015/06/30,10.5
600320,2015/07/31,8.28
600320,2015/08/31,6.19
600320,2015/09/30,5.81
600320,2015/10/30,6.35
600320,2015/11/30,5.94
600320,2015/12/31,5.97
600320,2016/01/29,4.16
600320,2016/02/29,4.03
600320,2016/03/31,4.64
600320,2016/04/29,4.47
600320,2016/05/31,4.29
600320,2016/06/30,4.25
600320,2016/07/29,5.08
600320,2016/08/31,4.88
600320,2016/09/30,4.72
600320,2016/10/31,4.91
600320,2016/11/30,5.25
600320,2016/12/30,5.1
600320,2017/01/26,4.92
600320,2017/02/28,5.47
600320,2017/03/31,5.78
600320,2017/04/28,5.41
600320,2017/05/31,5.41
600320,2017/06/30,5.18
600320,2017/07/31,5.56
600320,2017/08/31,5.47
600320,2017/09/29,5.39
600320,2017/10/31,6.02
600320,2017/11/30,5.59
600320,2017/12/29,6.1
600320,2018/01/31,6.05
600320,2018/02/28,5.44
600320,2018/03/30,5.15
600320,2018/04/27,5.01
600320,2018/05/31,4.63
600320,2018/06/29,4.19
600320,2018/07/31,4.33
600320,2018/08/31,3.39
600320,2018/09/28,3.44
600320,2018/10/31,3.16
600320,2018/11/30,3.25
600320,2018/12/28,3.17
600320,2019/01/31,3.22
600320,2019/02/28,3.83
600320,2019/03/29,4.16
600320,2019/04/30,4.1
600320,2019/05/31,3.66
600320,2019/06/28,3.76
600320,2019/07/31,3.68
600320,2019/08/30,3.38
600320,2019/09/30,3.38
600320,2019/10/31,3.35
600320,2019/11/29,3.47
600320,2019/12/31,3.63
600320,2020/01/23,3.54
600320,2020/02/28,3.31
600320,2020/03/31,3.23
600320,2020/04/30,3.16
600320,2020/05/29,3.02
600320,2020/06/30,2.87
600320,2020/07/31,3.07
600320,2020/08/31,3.08
600320,2020/09/30,2.92
600320,2020/10/30,2.87
600320,2020/11/30,3.09
600320,2020/12/31,3.56
600320,2021/01/29,3.23
600320,2021/02/26,3.18
600320,2021/03/31,3.37
600320,2021/04/30,3.11
600320,2021/05/31,3.19
600320,2021/06/30,3.39
600320,2021/07/30,3.23
600320,2021/08/31,3.78
600320,2021/09/30,4.08
600320,2021/10/29,3.51
600320,2021/11/30,3.69
600320,2021/12/31,3.77
600620,2000/01/28,11.52
600620,2000/02/29,11.41
600620,2000/03/31,11.92
600620,2000/04/28,11.93
600620,2000/05/31,12.18
600620,2000/06/30,12.52
600620,2000/07/31,13.78
600620,2000/08/31,14.05
600620,2000/09/29,13.14
600620,2000/10/31,13.2
600620,2000/11/30,13.47
600620,2000/12/29,13.75
600620,2001/01/19,14.23
600620,2001/02/28,12.75
600620,2001/03/30,13.37
600620,2001/04/30,13.7
600620,2001/05/31,14.16
600620,2001/06/29,16.3
600620,2001/07/31,16.17
600620,2001/08/31,15.16
600620,2001/09/28,14.38
600620,2001/10/31,14.5
600620,2001/11/30,14.37
600620,2001/12/31,15.11
600620,2002/01/31,12.77
600620,2002/02/28,12.22
600620,2002/03/29,14.18
600620,2002/04/30,15.67
600620,2002/05/31,13.98
600620,2002/06/28,13.65
600620,2002/07/31,13.75
600620,2002/08/30,14.48
600620,2002/09/27,13.63
600620,2002/10/31,13.34
600620,2002/11/29,12.25
600620,2002/12/31,11.56
600620,2003/01/29,11.2
600620,2003/02/28,11.42
600620,2003/03/31,11.31
600620,2003/04/30,10.88
600620,2003/05/30,10.7
600620,2003/06/30,8.27
600620,2003/07/31,7.87
600620,2003/08/29,7.05
600620,2003/09/30,6.72
600620,2003/10/31,6.5
600620,2003/11/28,6.57
600620,2003/12/31,6.82
600620,2004/01/30,7.17
600620,2004/02/27,7.86
600620,2004/03/31,7.57
600620,2004/04/30,6.12
600620,2004/05/31,6
600620,2004/06/30,5.21
600620,2004/07/30,4.63
600620,2004/08/31,4.19
600620,2004/09/30,4.57
600620,2004/10/29,3.62
600620,2004/11/30,3.95
600620,2004/12/31,3.45
600620,2005/01/31,3.72
600620,2005/02/28,4.07
600620,2005/03/31,3.25
600620,2005/04/29,2.68
600620,2005/05/31,2.6
600620,2005/06/30,2.34
600620,2005/07/29,2.46
600620,2005/08/31,2.92
600620,2005/09/30,2.94
600620,2005/10/31,2.53
600620,2005/11/30,2.7
600620,2005/12/30,2.6
600620,2006/01/25,2.65
600620,2006/02/17,2.76
600620,2006/03/31,2.47
600620,2006/04/28,2.19
600620,2006/05/31,2.63
600620,2006/06/30,2.72
600620,2006/07/31,3.02
600620,2006/08/31,4.27
600620,2006/09/29,4.8
600620,2006/10/31,3.95
600620,2006/11/30,4.42
600620,2006/12/29,3.87
600620,2007/01/31,4.66
600620,2007/02/28,5.56
600620,2007/03/30,6.44
600620,2007/04/30,8.64
600620,2007/05/31,8.49
600620,2007/06/29,7.01
600620,2007/07/31,9.18
600620,2007/08/31,9.43
600620,2007/09/28,11.78
600620,2007/10/31,8.94
600620,2007/11/30,8.33
600620,2007/12/28,9.53
600620,2008/01/31,8.1
600620,2008/02/29,9
600620,2008/03/31,10.14
600620,2008/04/30,7.29
600620,2008/05/30,6.06
600620,2008/06/30,4.47
600620,2008/07/31,6.29
600620,2008/08/29,6.36
600620,2008/09/26,6.68
600620,2008/10/31,4.51
600620,2008/11/28,5.63
600620,2008/12/31,5.26
600620,2009/01/23,6.06
600620,2009/02/27,6.67
600620,2009/03/31,7.74
600620,2009/04/30,8.15
600620,2009/05/27,8.61
600620,2009/06/30,7.94
600620,2009/07/31,8.92
600620,2009/08/31,8.02
600620,2009/09/30,7
600620,2009/10/30,7.85
600620,2009/11/30,7.93
600620,2009/12/31,7.69
600620,2010/01/29,7.09
600620,2010/02/26,8.29
600620,2010/03/31,9.08
600620,2010/04/30,8.1
600620,2010/05/31,7.63
600620,2010/06/30,6.96
600620,2010/07/30,7.89
600620,2010/08/31,7.85
600620,2010/09/30,8.37
600620,2010/10/29,8.22
600620,2010/11/30,7.3
600620,2010/12/31,7.26
600620,2011/01/31,7.3
600620,2011/02/28,7.91
600620,2011/03/31,8.23
600620,2011/04/29,8.1
600620,2011/05/31,7.3
600620,2011/06/30,5.58
600620,2011/07/29,5.19
600620,2011/08/31,4.83
600620,2011/09/30,4.41
600620,2011/10/31,4.5
600620,2011/11/30,3.99
600620,2011/12/30,3.19
600620,2012/01/31,3.23
600620,2012/02/29,3.63
600620,2012/03/30,3.36
600620,2012/04/27,4.23
600620,2012/05/31,3.94
600620,2012/06/29,3.49
600620,2012/07/31,3.17
600620,2012/08/31,3.09
600620,2012/09/28,3.1
600620,2012/10/31,3.24
600620,2012/11/30,3.15
600620,2012/12/31,3.56
600620,2013/01/31,3.97
600620,2013/02/28,4.11
600620,2013/03/29,5.61
600620,2013/04/26,6.13
600620,2013/05/31,7.16
600620,2013/06/28,5.3
600620,2013/07/31,6.68
600620,2013/08/30,7.88
600620,2013/09/30,9.19
600620,2013/10/31,9.04
600620,2013/11/29,8.95
600620,2013/12/31,9
600620,2014/01/30,9.29
600620,2014/02/28,10.63
600620,2014/03/31,8.56
600620,2014/04/30,7.21
600620,2014/05/30,6.87
600620,2014/06/30,7.22
600620,2014/07/31,7.85
600620,2014/08/29,8.15
600620,2014/09/30,8.99
600620,2014/10/31,9.69
600620,2014/11/28,9.98
600620,2014/12/31,9.34
600620,2015/01/30,11.13
600620,2015/02/27,12.43
600620,2015/03/31,15.08
600620,2015/04/30,22.27
600620,2015/05/29,22.03
600620,2015/06/30,15.55
600620,2015/07/31,17.24
600620,2015/08/28,19.27
600620,2015/09/30,19.27
600620,2015/10/30,19.27
600620,2015/11/30,19.27
600620,2015/12/31,20.74
600620,2016/01/29,13.81
600620,2016/02/29,14.22
600620,2016/03/31,15.61
600620,2016/04/29,16.15
600620,2016/05/31,15.17
600620,2016/06/30,10.43
600620,2016/07/29,9.96
600620,2016/08/31,12.49
600620,2016/09/30,14.98
600620,2016/10/31,17.86
600620,2016/11/30,17.83
600620,2016/12/30,16.19
600620,2017/01/26,14.59
600620,2017/02/28,15.22
600620,2017/03/31,14.15
600620,2017/04/28,12.7
600620,2017/05/31,11.41
600620,2017/06/30,12.45
600620,2017/07/31,12.83
600620,2017/08/31,13.71
600620,2017/09/29,12.63
600620,2017/10/31,12.15
600620,2017/11/30,12.63
600620,2017/12/29,10.57
600620,2018/01/31,10
600620,2018/02/28,8.31
600620,2018/03/30,8.57
600620,2018/04/27,7.67
600620,2018/05/31,7.33
600620,2018/06/29,6.37
600620,2018/07/31,6.23
600620,2018/08/31,6.05
600620,2018/09/28,5.98
600620,2018/10/31,5.2
600620,2018/11/30,6.3
600620,2018/12/28,5.4
600620,2019/01/31,5.4
600620,2019/02/28,6.48
600620,2019/03/29,7.98
600620,2019/04/30,9.52
600620,2019/05/31,7.83
600620,2019/06/28,7.51
600620,2019/07/31,7.16
600620,2019/08/30,7.06
600620,2019/09/30,6.6
600620,2019/10/31,6.38
600620,2019/11/29,6
600620,2019/12/31,6.47
600620,2020/01/23,6.21
600620,2020/02/28,5.62
600620,2020/03/31,5.88
600620,2020/04/30,5.59
600620,2020/05/29,6.05
600620,2020/06/30,5.88
600620,2020/07/31,8.39
600620,2020/08/31,8.13
600620,2020/09/30,7.5
600620,2020/10/30,7
600620,2020/11/30,7.13
600620,2020/12/31,6.17
600620,2021/01/29,5.79
600620,2021/02/26,6.34
600620,2021/03/31,6.37
600620,2021/04/30,6.18
600620,2021/05/31,7.71
600620,2021/06/30,7.2
600620,2021/07/30,7.53
600620,2021/08/31,8.37
600620,2021/09/30,9.4
600620,2021/10/29,8.89
600620,2021/11/30,8.56
600620,2021/12/31,9.22
600720,2000/01/28,9.28
600720,2000/02/29,12.15
600720,2000/03/31,12.52
600720,2000/04/28,12.91
600720,2000/05/31,14.3
600720,2000/06/30,14.47
600720,2000/07/31,15.65
600720,2000/08/31,18.39
600720,2000/09/29,12.12
600720,2000/10/31,13.65
600720,2000/11/30,13.98
600720,2000/12/29,13.8
600720,2001/01/19,13.75
600720,2001/02/28,14.29
600720,2001/03/29,15.04
600720,2001/04/30,8.79
600720,2001/05/31,9.04
600720,2001/06/29,8.87
600720,2001/07/31,8
600720,2001/08/31,7.29
600720,2001/09/28,6.61
600720,2001/10/31,7
600720,2001/11/30,6.75
600720,2001/12/31,6.3
600720,2002/01/31,5.64
600720,2002/02/28,6.12
600720,2002/03/29,6.06
600720,2002/04/30,6.65
600720,2002/05/31,5.95
600720,2002/06/28,6.82
600720,2002/07/31,6.25
600720,2002/08/30,6.31
600720,2002/09/27,6.02
600720,2002/10/31,5.74
600720,2002/11/29,5.41
600720,2002/12/31,5.08
600720,2003/01/29,5.59
600720,2003/02/27,5.59
600720,2003/03/31,5.32
600720,2003/04/30,5.22
600720,2003/05/30,5.27
600720,2003/06/30,5.09
600720,2003/07/31,4.8
600720,2003/08/29,4.6
600720,2003/09/30,4.45
600720,2003/10/31,4.49
600720,2003/11/27,4.77
600720,2003/12/31,4.63
600720,2004/01/30,5.04
600720,2004/02/27,5.15
600720,2004/03/31,5.44
600720,2004/04/30,4.65
600720,2004/05/31,4.41
600720,2004/06/30,3.66
600720,2004/07/30,3.61
600720,2004/08/31,3.52
600720,2004/09/30,3.61
600720,2004/10/29,3.25
600720,2004/11/29,3.36
600720,2004/12/31,3.2
600720,2005/01/31,2.73
600720,2005/02/28,2.98
600720,2005/03/31,2.63
600720,2005/04/29,2.19
600720,2005/05/31,2.07
600720,2005/06/30,2.13
600720,2005/07/29,1.78
600720,2005/08/31,2.08
600720,2005/09/30,2.05
600720,2005/10/31,1.8
600720,2005/11/30,1.93
600720,2005/12/30,1.91
600720,2006/01/25,2.1
600720,2006/02/28,2.28
600720,2006/03/31,2.16
600720,2006/04/28,3.01
600720,2006/05/19,3.87
600720,2006/06/15,3.3
600720,2006/07/31,2.65
600720,2006/08/31,2.78
600720,2006/09/29,2.79
600720,2006/10/31,2.71
600720,2006/11/30,3.01
600720,2006/12/29,3.1
600720,2007/01/31,4.21
600720,2007/02/28,5.58
600720,2007/03/30,6.4
600720,2007/04/30,7.76
600720,2007/05/31,8.77
600720,2007/06/29,6.82
600720,2007/07/31,10.4
600720,2007/08/31,11.38
600720,2007/09/28,11.01
600720,2007/10/31,12.91
600720,2007/11/30,9.25
600720,2007/12/28,11.3
600720,2008/01/31,9.73
600720,2008/02/29,11.73
600720,2008/03/31,7.64
600720,2008/04/30,7.04
600720,2008/05/30,8.69
600720,2008/06/30,5.31
600720,2008/07/31,6.12
600720,2008/08/29,6.07
600720,2008/09/26,4.87
600720,2008/10/31,4.33
600720,2008/11/28,7.17
600720,2008/12/31,6.89
600720,2009/01/23,9.11
600720,2009/02/27,10.24
600720,2009/03/31,11.6
600720,2009/04/30,12.59
600720,2009/05/27,10.93
600720,2009/06/30,13.47
600720,2009/07/31,14.51
600720,2009/08/31,10.92
600720,2009/09/30,12.1
600720,2009/10/30,13.08
600720,2009/11/30,16.16
600720,2009/12/31,17.3
600720,2010/01/29,15.16
600720,2010/02/26,15.61
600720,2010/03/31,16.29
600720,2010/04/30,14.35
600720,2010/05/31,12.56
600720,2010/06/30,11.97
600720,2010/07/30,16.4
600720,2010/08/31,20.06
600720,2010/09/30,19.63
600720,2010/10/29,17.74
600720,2010/11/30,17.53
600720,2010/12/31,17.15
600720,2011/01/31,16.04
600720,2011/02/28,18.5
600720,2011/03/31,22.45
600720,2011/04/29,19.58
600720,2011/05/31,17.92
600720,2011/06/30,18.24
600720,2011/07/29,16.67
600720,2011/08/31,14.28
600720,2011/09/30,11.81
600720,2011/10/31,12.52
600720,2011/11/30,10.34
600720,2011/12/29,9.09
600720,2012/01/31,9.87
600720,2012/02/29,11.46
600720,2012/03/30,9.35
600720,2012/04/27,11.31
600720,2012/05/31,13.49
600720,2012/06/29,10.47
600720,2012/07/31,10.03
600720,2012/08/31,8.92
600720,2012/09/28,11.65
600720,2012/10/31,9.95
600720,2012/11/26,8.76
600720,2012/12/31,10.6
600720,2013/01/31,11.42
600720,2013/02/28,11.31
600720,2013/03/29,10.16
600720,2013/04/26,10.42
600720,2013/05/31,11.14
600720,2013/06/28,8.54
600720,2013/07/31,6.72
600720,2013/08/30,7.25
600720,2013/09/30,6.84
600720,2013/10/31,6.95
600720,2013/11/29,7.23
600720,2013/12/31,6.69
600720,2014/01/30,6.62
600720,2014/02/28,6.33
600720,2014/03/31,6.73
600720,2014/04/30,6.3
600720,2014/05/30,6.27
600720,2014/06/30,6.27
600720,2014/07/31,6.79
600720,2014/08/29,6.86
600720,2014/09/30,7.16
600720,2014/10/31,8.02
600720,2014/11/28,8.71
600720,2014/12/31,10.97
600720,2015/01/30,10.1
600720,2015/02/27,10.29
600720,2015/03/31,11.86
600720,2015/04/30,11.75
600720,2015/05/29,11.36
600720,2015/06/30,10.59
600720,2015/07/31,8.04
600720,2015/08/31,7.93
600720,2015/09/30,6.44
600720,2015/10/30,7.63
600720,2015/11/30,8.31
600720,2015/12/31,8.83
600720,2016/01/29,6.53
600720,2016/02/29,6.18
600720,2016/03/31,7.28
600720,2016/04/29,6.97
600720,2016/05/31,6.59
600720,2016/06/30,6.71
600720,2016/07/29,7.03
600720,2016/08/31,7.47
600720,2016/09/30,7.13
600720,2016/10/31,7.49
600720,2016/11/30,7.65
600720,2016/12/30,8.17
600720,2017/01/26,8.35
600720,2017/02/28,10.57
600720,2017/03/31,9.69
600720,2017/04/28,8.68
600720,2017/05/31,7.4
600720,2017/06/30,7.83
600720,2017/07/31,9.8
600720,2017/08/31,10.8
600720,2017/09/29,10.57
600720,2017/10/31,11.93
600720,2017/11/30,11.2
600720,2017/12/29,10.35
600720,2018/01/31,11.67
600720,2018/02/28,11.01
600720,2018/03/30,10.3
600720,2018/04/27,8.11
600720,2018/05/31,7.67
600720,2018/06/29,6.74
600720,2018/07/31,8.19
600720,2018/08/31,7.81
600720,2018/09/28,7.68
600720,2018/10/31,6.66
600720,2018/11/30,6.76
600720,2018/12/28,6.45
600720,2019/01/31,6.74
600720,2019/02/28,7.61
600720,2019/03/29,8.72
600720,2019/04/30,7.88
600720,2019/05/31,8.08
600720,2019/06/28,8.79
600720,2019/07/31,8.53
600720,2019/08/30,8.79
600720,2019/09/30,9.46
600720,2019/10/31,10.02
600720,2019/11/29,10.7
600720,2019/12/31,12.55
600720,2020/01/23,11.54
600720,2020/02/28,12.39
600720,2020/03/31,13.04
600720,2020/04/30,16.51
600720,2020/05/29,15.98
600720,2020/06/30,16.25
600720,2020/07/31,21.34
600720,2020/08/31,20.29
600720,2020/09/30,15.16
600720,2020/10/30,14.46
600720,2020/11/30,15.23
600720,2020/12/31,13.58
600720,2021/01/29,12.54
600720,2021/02/26,14.66
600720,2021/03/31,14.72
600720,2021/04/30,13.14
600720,2021/05/31,12.44
600720,2021/06/30,10.54
600720,2021/07/30,9.63
600720,2021/08/31,10.41
600720,2021/09/30,10.79
600720,2021/10/29,9.67
600720,2021/11/30,9.75
600720,2021/12/31,10.4
600820,2000/01/28,10.19
600820,2000/02/29,11.35
600820,2000/03/31,10.18
600820,2000/04/28,10.75
600820,2000/05/31,10.57
600820,2000/06/30,10.91
600820,2000/07/31,11.94
600820,2000/08/31,11.41
600820,2000/09/29,10.49
600820,2000/10/31,10.58
600820,2000/11/30,11.84
600820,2000/12/29,12.4
600820,2001/01/19,12.61
600820,2001/02/28,12.66
600820,2001/03/30,14.91
600820,2001/04/30,14.45
600820,2001/05/31,11.3
600820,2001/06/29,11.12
600820,2001/07/31,11.9
600820,2001/08/31,12.49
600820,2001/09/28,11.05
600820,2001/10/31,10.13
600820,2001/11/30,11.13
600820,2001/12/31,10.79
600820,2002/01/31,10.87
600820,2002/02/28,11.08
600820,2002/03/29,10.59
600820,2002/04/30,10.79
600820,2002/05/30,9.21
600820,2002/06/28,10.29
600820,2002/07/31,8.8
600820,2002/08/30,8.54
600820,2002/09/27,7.95
600820,2002/10/31,7.79
600820,2002/11/29,7.44
600820,2002/12/31,6.88
600820,2003/01/29,7.33
600820,2003/02/28,7.35
600820,2003/03/31,7.15
600820,2003/04/30,6.9
600820,2003/05/30,7.26
600820,2003/06/30,6.81
600820,2003/07/31,6.66
600820,2003/08/29,6.5
600820,2003/09/30,5.71
600820,2003/10/31,5.29
600820,2003/11/28,5.55
600820,2003/12/31,5.88
600820,2004/01/30,6.4
600820,2004/02/27,6.64
600820,2004/03/31,6.36
600820,2004/04/30,5.78
600820,2004/05/31,5.7
600820,2004/06/30,4.99
600820,2004/07/30,4.66
600820,2004/08/31,4.48
600820,2004/09/30,4.67
600820,2004/10/29,4.26
600820,2004/11/30,4.38
600820,2004/12/31,4.08
600820,2005/01/31,3.71
600820,2005/02/28,3.98
600820,2005/03/31,3.47
600820,2005/04/29,3.27
600820,2005/05/31,3.37
600820,2005/06/30,3.28
600820,2005/07/29,2.91
600820,2005/08/31,3.47
600820,2005/09/30,3.64
600820,2005/10/28,3.63
600820,2005/11/23,3.63
600820,2005/12/30,3.63
600820,2006/01/25,3.02
600820,2006/02/28,3.17
600820,2006/03/31,3.26
600820,2006/04/28,3.25
600820,2006/05/31,3.75
600820,2006/06/30,4.31
600820,2006/07/31,4.14
600820,2006/08/31,4.09
600820,2006/09/29,4.09
600820,2006/10/31,4.38
600820,2006/11/30,4.74
600820,2006/12/29,4.99
600820,2007/01/31,7.35
600820,2007/02/28,8.81
600820,2007/03/29,9.53
600820,2007/04/30,13.61
600820,2007/05/31,13.22
600820,2007/06/29,11.12
600820,2007/07/31,14.2
600820,2007/08/31,15.84
600820,2007/09/28,14.87
600820,2007/10/31,14.65
600820,2007/11/30,13.12
600820,2007/12/28,15.17
600820,2008/01/31,14.75
600820,2008/02/29,15.95
600820,2008/03/31,12.78
600820,2008/04/30,13.09
600820,2008/05/30,11.13
600820,2008/06/30,8.3
600820,2008/07/31,9.02
600820,2008/08/29,8.62
600820,2008/09/26,9.04
600820,2008/10/31,9.21
600820,2008/11/28,10.89
600820,2008/12/31,10.9
600820,2009/01/23,10.95
600820,2009/02/27,10.39
600820,2009/03/31,11.8
600820,2009/04/30,12.14
600820,2009/05/27,11.52
600820,2009/06/30,11.89
600820,2009/07/31,15.45
600820,2009/08/31,12
600820,2009/09/30,12.7
600820,2009/10/30,13.51
600820,2009/11/30,14
600820,2009/12/31,13.89
600820,2010/01/29,13.57
600820,2010/02/26,13.06
600820,2010/03/31,13.39
600820,2010/04/30,10.85
600820,2010/05/31,9.14
600820,2010/06/30,8.38
600820,2010/07/30,10.02
600820,2010/08/31,10.37
600820,2010/09/30,10.67
600820,2010/10/29,11.37
600820,2010/11/30,11.78
600820,2010/12/31,10.97
600820,2011/01/14,11.51
600820,2011/02/28,11.51
600820,2011/03/31,11.51
600820,2011/04/29,11.78
600820,2011/05/31,10.34
600820,2011/06/30,10.67
600820,2011/07/29,9.78
600820,2011/08/31,9.26
600820,2011/09/30,8.52
600820,2011/10/31,8.86
600820,2011/11/30,8.71
600820,2011/12/26,7.87
600820,2012/01/31,7.99
600820,2012/02/29,8.31
600820,2012/03/30,7.66
600820,2012/04/27,8.73
600820,2012/05/31,9.34
600820,2012/06/29,8.9
600820,2012/07/31,7.63
600820,2012/08/31,7.21
600820,2012/09/28,8.03
600820,2012/10/31,7.9
600820,2012/11/30,7.99
600820,2012/12/31,9.1
600820,2013/01/31,9.41
600820,2013/02/28,9.24
600820,2013/03/29,9.27
600820,2013/04/26,8.61
600820,2013/05/31,9.16
600820,2013/06/28,7.45
600820,2013/07/31,7.92
600820,2013/08/30,9.37
600820,2013/09/30,8.8
600820,2013/10/31,8.74
600820,2013/11/29,9.03
600820,2013/12/31,9.07
600820,2014/01/30,8.48
600820,2014/02/28,8.76
600820,2014/03/31,9.98
600820,2014/04/30,9.99
600820,2014/05/30,10.26
600820,2014/06/30,4.85
600820,2014/07/31,5.05
600820,2014/08/29,5.44
600820,2014/09/30,6.1
600820,2014/10/31,6.65
600820,2014/11/28,6.78
600820,2014/12/31,8.26
600820,2015/01/30,7.91
600820,2015/02/27,8.69
600820,2015/03/31,11.11
600820,2015/04/30,14.21
600820,2015/05/29,21.77
600820,2015/06/30,13.44
600820,2015/07/31,13.3
600820,2015/08/31,11.05
600820,2015/09/30,11.58
600820,2015/10/30,11.98
600820,2015/11/30,10.57
600820,2015/12/31,10.64
600820,2016/01/29,7.9
600820,2016/02/29,7.41
600820,2016/03/31,8.24
600820,2016/04/29,9.12
600820,2016/05/31,8.63
600820,2016/06/30,8.39
600820,2016/07/29,9.27
600820,2016/08/31,9.8
600820,2016/09/30,9.71
600820,2016/10/31,10.27
600820,2016/11/30,10.48
600820,2016/12/30,11.01
600820,2017/01/26,11.2
600820,2017/02/28,11.73
600820,2017/03/31,10.45
600820,2017/04/28,10.24
600820,2017/05/31,9.6
600820,2017/06/30,10.1
600820,2017/07/31,9.55
600820,2017/08/31,10.13
600820,2017/09/29,9.69
600820,2017/10/31,9.54
600820,2017/11/30,8.94
600820,2017/12/29,8.36
600820,2018/01/31,8.26
600820,2018/02/28,7.6
600820,2018/03/30,7.24
600820,2018/04/27,6.98
600820,2018/05/31,7
600820,2018/06/29,5.91
600820,2018/07/31,6.36
600820,2018/08/31,6.02
600820,2018/09/28,6.11
600820,2018/10/31,5.7
600820,2018/11/30,5.8
600820,2018/12/28,6.26
600820,2019/01/31,6.44
600820,2019/02/28,7.2
600820,2019/03/29,7.34
600820,2019/04/30,6.9
600820,2019/05/31,6.4
600820,2019/06/28,6.31
600820,2019/07/31,6.17
600820,2019/08/30,5.92
600820,2019/09/30,5.89
600820,2019/10/31,5.82
600820,2019/11/29,5.88
600820,2019/12/31,6.04
600820,2020/01/23,5.82
600820,2020/02/28,5.6
600820,2020/03/31,5.53
600820,2020/04/30,5.72
600820,2020/05/29,6.26
600820,2020/06/30,5.65
600820,2020/07/31,6.02
600820,2020/08/31,5.98
600820,2020/09/30,5.62
600820,2020/10/30,5.58
600820,2020/11/30,5.78
600820,2020/12/31,5.41
600820,2021/01/29,5.18
600820,2021/02/26,5.32
600820,2021/03/31,5.46
600820,2021/04/30,5.27
600820,2021/05/31,5.21
600820,2021/06/30,5.29
600820,2021/07/30,4.88
600820,2021/08/31,5.37
600820,2021/09/30,5.65
600820,2021/10/29,5.12
600820,2021/11/30,5.04
600820,2021/12/31,5.38
